-- phpMyAdmin SQL Dump
-- version 5.2.0
-- https://www.phpmyadmin.net/
--
-- Máy chủ: 127.0.0.1
-- Thời gian đã tạo: Th4 13, 2023 lúc 07:17 PM
-- Phiên bản máy phục vụ: 10.4.27-MariaDB
-- Phiên bản PHP: 8.2.0

SET SQL_MODE = "NO_AUTO_VALUE_ON_ZERO";
START TRANSACTION;
SET time_zone = "+00:00";


/*!40101 SET @OLD_CHARACTER_SET_CLIENT=@@CHARACTER_SET_CLIENT */;
/*!40101 SET @OLD_CHARACTER_SET_RESULTS=@@CHARACTER_SET_RESULTS */;
/*!40101 SET @OLD_COLLATION_CONNECTION=@@COLLATION_CONNECTION */;
/*!40101 SET NAMES utf8mb4 */;

--
-- Cơ sở dữ liệu: `shopping`
--

-- --------------------------------------------------------

--
-- Cấu trúc bảng cho bảng `admin`
--

CREATE TABLE `admin` (
  `id` int(11) NOT NULL,
  `username` varchar(255) NOT NULL,
  `password` varchar(255) NOT NULL,
  `creationDate` timestamp NOT NULL DEFAULT current_timestamp(),
  `updationDate` varchar(255) NOT NULL
) ENGINE=InnoDB DEFAULT CHARSET=latin1 COLLATE=latin1_swedish_ci;

--
-- Đang đổ dữ liệu cho bảng `admin`
--

INSERT INTO `admin` (`id`, `username`, `password`, `creationDate`, `updationDate`) VALUES
(1, 'admin', 'af71f2f31c56ff750b2ac1db7cbf65e6', '2017-01-24 16:21:18', '30-03-2023 09:26:08 PM');

-- --------------------------------------------------------

--
-- Cấu trúc bảng cho bảng `category`
--

CREATE TABLE `category` (
  `id` int(11) NOT NULL,
  `categoryName` varchar(255) DEFAULT NULL,
  `categoryDescription` longtext DEFAULT NULL,
  `creationDate` timestamp NOT NULL DEFAULT current_timestamp(),
  `updationDate` varchar(255) DEFAULT NULL
) ENGINE=InnoDB DEFAULT CHARSET=latin1 COLLATE=latin1_swedish_ci;

--
-- Đang đổ dữ liệu cho bảng `category`
--

INSERT INTO `category` (`id`, `categoryName`, `categoryDescription`, `creationDate`, `updationDate`) VALUES
(3, 'Books', 'Books Of Game', '2017-01-24 19:17:37', '06-04-2023 08:05:28 AM'),
(5, 'PlayStation', 'Game Box ', '2017-01-24 19:19:54', '30-03-2023 09:45:39 PM'),
(6, 'Fashion', 'Fashion', '2017-02-20 19:18:52', ''),
(7, 'PC Game', 'Game Online ', '2023-03-30 15:54:22', '30-03-2023 09:45:10 PM');

-- --------------------------------------------------------

--
-- Cấu trúc bảng cho bảng `orders`
--

CREATE TABLE `orders` (
  `id` int(11) NOT NULL,
  `userId` int(11) DEFAULT NULL,
  `productId` varchar(255) DEFAULT NULL,
  `quantity` int(11) DEFAULT NULL,
  `orderDate` timestamp NOT NULL DEFAULT current_timestamp(),
  `paymentMethod` varchar(50) DEFAULT NULL,
  `orderStatus` varchar(55) DEFAULT NULL
) ENGINE=InnoDB DEFAULT CHARSET=latin1 COLLATE=latin1_swedish_ci;

--
-- Đang đổ dữ liệu cho bảng `orders`
--

INSERT INTO `orders` (`id`, `userId`, `productId`, `quantity`, `orderDate`, `paymentMethod`, `orderStatus`) VALUES
(25, 4, '21', 1, '2023-04-13 08:00:02', 'Internet Banking', 'in Process'),
(26, 4, '46', 1, '2023-04-13 08:00:02', 'Internet Banking', NULL),
(27, 8, '21', 1, '2023-04-13 08:07:15', 'COD', 'in Process'),
(28, 8, '47', 1, '2023-04-13 08:07:15', 'COD', 'in Process'),
(29, 8, '63', 1, '2023-04-13 08:07:15', 'COD', 'in Process');

-- --------------------------------------------------------

--
-- Cấu trúc bảng cho bảng `ordertrackhistory`
--

CREATE TABLE `ordertrackhistory` (
  `id` int(11) NOT NULL,
  `orderId` int(11) DEFAULT NULL,
  `status` varchar(255) DEFAULT NULL,
  `remark` mediumtext DEFAULT NULL,
  `postingDate` timestamp NOT NULL DEFAULT current_timestamp()
) ENGINE=InnoDB DEFAULT CHARSET=latin1 COLLATE=latin1_swedish_ci;

--
-- Đang đổ dữ liệu cho bảng `ordertrackhistory`
--

INSERT INTO `ordertrackhistory` (`id`, `orderId`, `status`, `remark`, `postingDate`) VALUES
(12, 23, 'in Process', '?ã xác nh?n', '2023-04-13 07:57:01'),
(13, 24, 'in Process', '?ã xác nh?n ', '2023-04-13 07:57:16'),
(14, 24, 'Delivered', 'adsa', '2023-04-13 07:57:52'),
(15, 25, 'in Process', 'h', '2023-04-13 08:00:34'),
(16, 27, 'in Process', 'da xac nhan', '2023-04-13 08:08:32'),
(17, 28, 'in Process', 'da xac nhan', '2023-04-13 08:08:46'),
(18, 29, 'in Process', 'da xac nhan', '2023-04-13 08:09:12');

-- --------------------------------------------------------

--
-- Cấu trúc bảng cho bảng `productreviews`
--

CREATE TABLE `productreviews` (
  `id` int(11) NOT NULL,
  `productId` int(11) DEFAULT NULL,
  `quality` int(11) DEFAULT NULL,
  `price` int(11) DEFAULT NULL,
  `value` int(11) DEFAULT NULL,
  `name` varchar(255) DEFAULT NULL,
  `summary` varchar(255) DEFAULT NULL,
  `review` longtext DEFAULT NULL,
  `reviewDate` timestamp NOT NULL DEFAULT current_timestamp()
) ENGINE=InnoDB DEFAULT CHARSET=latin1 COLLATE=latin1_swedish_ci;

-- --------------------------------------------------------

--
-- Cấu trúc bảng cho bảng `products`
--

CREATE TABLE `products` (
  `id` int(11) NOT NULL,
  `category` int(11) NOT NULL,
  `subCategory` int(11) DEFAULT NULL,
  `productName` varchar(255) DEFAULT NULL,
  `productCompany` varchar(255) DEFAULT NULL,
  `productPrice` int(11) DEFAULT NULL,
  `productPriceBeforeDiscount` int(11) DEFAULT NULL,
  `productDescription` longtext DEFAULT NULL,
  `productImage1` varchar(255) DEFAULT NULL,
  `productImage2` varchar(255) DEFAULT NULL,
  `productImage3` varchar(255) DEFAULT NULL,
  `shippingCharge` int(11) DEFAULT NULL,
  `productAvailability` varchar(255) DEFAULT NULL,
  `postingDate` timestamp NULL DEFAULT current_timestamp(),
  `updationDate` varchar(255) DEFAULT NULL
) ENGINE=InnoDB DEFAULT CHARSET=latin1 COLLATE=latin1_swedish_ci;

--
-- Đang đổ dữ liệu cho bảng `products`
--

INSERT INTO `products` (`id`, `category`, `subCategory`, `productName`, `productCompany`, `productPrice`, `productPriceBeforeDiscount`, `productDescription`, `productImage1`, `productImage2`, `productImage3`, `shippingCharge`, `productAvailability`, `postingDate`, `updationDate`) VALUES
(20, 6, 12, 'Adidas MESSI 16.3 TF Football turf Shoes  (Blue)', 'Adidas', 420, 500, '<ul style=\"box-sizing: border-box; margin-bottom: 0px; margin-left: 0px; color: rgb(33, 33, 33); font-family: Roboto, Arial, sans-serif; font-size: 14px;\"><li class=\"_2-riNZ\" style=\"box-sizing: border-box; margin: 0px; padding: 0px 0px 8px 16px; list-style: none; position: relative;\">Colour: Blue</li><li class=\"_2-riNZ\" style=\"box-sizing: border-box; margin: 0px; padding: 0px 0px 0px 16px; list-style: none; position: relative;\">Closure: Laced</li><li class=\"_1KuY3T row\" style=\"box-sizing: border-box; margin: 0px; padding: 0px 0px 16px; list-style: none; display: flex; flex-flow: row wrap; width: 731px;\"><div class=\"vmXPri col col-3-12\" style=\"text-align: left; box-sizing: border-box; margin: 0px; padding: 0px 8px 0px 0px; width: 182.75px; display: inline-block; vertical-align: top; color: rgb(135, 135, 135);\"><b>Weight</b></div><ul class=\"_3dG3ix col col-9-12\" style=\"box-sizing: border-box; margin-left: 0px; width: 548.25px; display: inline-block; vertical-align: top; line-height: 1.4;\"><li class=\"sNqDog\" style=\"text-align: left; box-sizing: border-box; margin: 0px; padding: 0px; list-style: none;\"><b>200 g (per single Shoe) - Weight of the product may vary depending on size.</b></li></ul></li><li class=\"_1KuY3T row\" style=\"box-sizing: border-box; margin: 0px; padding: 0px 0px 16px; list-style: none; display: flex; flex-flow: row wrap; width: 731px;\"><div class=\"vmXPri col col-3-12\" style=\"text-align: left; box-sizing: border-box; margin: 0px; padding: 0px 8px 0px 0px; width: 182.75px; display: inline-block; vertical-align: top; color: rgb(135, 135, 135);\"><b>Style</b></div><ul class=\"_3dG3ix col col-9-12\" style=\"box-sizing: border-box; margin-left: 0px; width: 548.25px; display: inline-block; vertical-align: top; line-height: 1.4;\"><li class=\"sNqDog\" style=\"text-align: left; box-sizing: border-box; margin: 0px; padding: 0px; list-style: none;\"><b>Panel and Stitch Detail, Textured Detail</b></li></ul></li><li class=\"_1KuY3T row\" style=\"box-sizing: border-box; margin: 0px; padding: 0px 0px 16px; list-style: none; display: flex; flex-flow: row wrap; width: 731px;\"><div class=\"vmXPri col col-3-12\" style=\"text-align: left; box-sizing: border-box; margin: 0px; padding: 0px 8px 0px 0px; width: 182.75px; display: inline-block; vertical-align: top; color: rgb(135, 135, 135);\"><b>Tip Shape</b></div><ul class=\"_3dG3ix col col-9-12\" style=\"box-sizing: border-box; margin-left: 0px; width: 548.25px; display: inline-block; vertical-align: top; line-height: 1.4;\"><li class=\"sNqDog\" style=\"text-align: left; box-sizing: border-box; margin: 0px; padding: 0px; list-style: none;\"><b>Round</b></li></ul></li><li class=\"_1KuY3T row\" style=\"box-sizing: border-box; margin: 0px; padding: 0px 0px 16px; list-style: none; display: flex; flex-flow: row wrap; width: 731px;\"><div class=\"vmXPri col col-3-12\" style=\"text-align: left; box-sizing: border-box; margin: 0px; padding: 0px 8px 0px 0px; width: 182.75px; display: inline-block; vertical-align: top; color: rgb(135, 135, 135);\"><b>Season</b></div><ul class=\"_3dG3ix col col-9-12\" style=\"box-sizing: border-box; margin-left: 0px; width: 548.25px; display: inline-block; vertical-align: top; line-height: 1.4;\"><li class=\"sNqDog\" style=\"text-align: left; box-sizing: border-box; margin: 0px; padding: 0px; list-style: none;\"><b>AW16</b></li></ul></li><li class=\"_1KuY3T row\" style=\"box-sizing: border-box; margin: 0px; padding: 0px; list-style: none; display: flex; flex-flow: row wrap; width: 731px;\"><div class=\"vmXPri col col-3-12\" style=\"text-align: left; box-sizing: border-box; margin: 0px; padding: 0px 8px 0px 0px; width: 182.75px; display: inline-block; vertical-align: top; color: rgb(135, 135, 135);\"><b>Closure</b></div><ul class=\"_3dG3ix col col-9-12\" style=\"box-sizing: border-box; margin-left: 0px; width: 548.25px; display: inline-block; vertical-align: top; line-height: 1.4;\"><li class=\"sNqDog\" style=\"text-align: left; box-sizing: border-box; margin: 0px; padding: 0px; list-style: none;\"><b>Laced</b></li></ul></li></ul>', '1.jpeg', '2.jpeg', '3.jpeg', 0, 'In Stock', '2017-03-10 20:19:22', ''),
(21, 3, 13, 'Elden Ring: Official Art Book Volume I', ' FromSoftware (Author)', 60, 80, '<p style=\"box-sizing: border-box; padding: 0px; margin-bottom: 14px; color: rgb(15, 17, 17); font-family: &quot;Amazon Ember&quot;, Arial, sans-serif; font-size: 14px;\"><span style=\"box-sizing: border-box;\">Return to the Lands Between… reunite the fractured world… reforge the Elden Ring!</span></p><p style=\"box-sizing: border-box; padding: 0px; margin-top: -4px; margin-bottom: 14px; color: rgb(15, 17, 17); font-family: &quot;Amazon Ember&quot;, Arial, sans-serif; font-size: 14px;\"><span style=\"box-sizing: border-box;\">&nbsp;</span></p><p style=\"box-sizing: border-box; padding: 0px; margin-top: -4px; margin-bottom: 14px; color: rgb(15, 17, 17); font-family: &quot;Amazon Ember&quot;, Arial, sans-serif; font-size: 14px;\"><span style=\"box-sizing: border-box;\">The two-volume Elden Ring: Official Art Book contains a plethora of artworks from the game’s ‘Lands Between’ and its inhabitants in stunning oversized hardcover editions.</span></p><p style=\"box-sizing: border-box; padding: 0px; margin-top: -4px; margin-bottom: 14px; color: rgb(15, 17, 17); font-family: &quot;Amazon Ember&quot;, Arial, sans-serif; font-size: 14px;\"><span style=\"box-sizing: border-box;\">&nbsp;</span></p><p style=\"box-sizing: border-box; padding: 0px; margin-top: -4px; margin-bottom: 14px; color: rgb(15, 17, 17); font-family: &quot;Amazon Ember&quot;, Arial, sans-serif; font-size: 14px;\"><span style=\"box-sizing: border-box;\">Volume I features key art from the game’s opening movie, concept and development art of the large open-world and claustrophobic dungeons, and the game’s many characters and armors.</span></p><p style=\"box-sizing: border-box; padding: 0px; margin-top: -4px; margin-bottom: 14px; color: rgb(15, 17, 17); font-family: &quot;Amazon Ember&quot;, Arial, sans-serif; font-size: 14px;\"><span style=\"box-sizing: border-box;\">&nbsp;</span></p><p style=\"box-sizing: border-box; padding: 0px; margin-top: -4px; margin-bottom: 0px; color: rgb(15, 17, 17); font-family: &quot;Amazon Ember&quot;, Arial, sans-serif; font-size: 14px;\"><span style=\"box-sizing: border-box;\">This translated English art book contains the same content found in the Japanese edition.</span></p>', '517ycY6AcCL._SX357_BO1,204,203,200_.jpg', '71bZ9DlgIQL.jpg', '71bZ9DlgIQL.jpg', 50, 'In Stock', '2023-03-30 15:36:52', NULL),
(46, 3, 13, 'Elden Ring: Official Art Book Volume II', 'FromSoftware (Author)', 100, 240, '<p style=\"margin-bottom: 14px; box-sizing: border-box; padding: 0px; color: rgb(15, 17, 17); font-family: &quot;Amazon Ember&quot;, Arial, sans-serif; font-size: 14px;\"><span style=\"box-sizing: border-box;\">Return to the Lands Between… reunite the fractured world… reforge the Elden Ring!</span></p><p style=\"margin-top: -4px; margin-bottom: 14px; box-sizing: border-box; padding: 0px; color: rgb(15, 17, 17); font-family: &quot;Amazon Ember&quot;, Arial, sans-serif; font-size: 14px;\"><span style=\"box-sizing: border-box;\">&nbsp;</span></p><p style=\"margin-top: -4px; margin-bottom: 14px; box-sizing: border-box; padding: 0px; color: rgb(15, 17, 17); font-family: &quot;Amazon Ember&quot;, Arial, sans-serif; font-size: 14px;\"><span style=\"box-sizing: border-box;\">The two-volume Elden Ring: Official Art Book contains a plethora of artworks from the game’s ‘Lands Between’ and its inhabitants in stunning oversized hardcover editions.</span></p>', '71kr9NTJp2L.jpg', '71xBsERX1BL.jpg', '71xBsERX1BL.jpg', 20, 'In Stock', '2023-04-06 09:56:53', NULL),
(47, 3, 13, 'Elden Ring Official Strategy Guide, Vol. 1: The Lands Between', 'FromSoftware (Author)', 60, 80, '<span style=\"box-sizing: border-box; color: rgb(15, 17, 17); font-family: &quot;Amazon Ember&quot;, Arial, sans-serif; font-size: 14px;\">This first volume of Future Press’&nbsp;</span><span class=\"a-text-italic\" style=\"box-sizing: border-box; color: rgb(15, 17, 17); font-family: &quot;Amazon Ember&quot;, Arial, sans-serif; font-size: 14px; font-style: italic !important;\">Elden Ring Books of Knowledge</span><span style=\"box-sizing: border-box; color: rgb(15, 17, 17); font-family: &quot;Amazon Ember&quot;, Arial, sans-serif; font-size: 14px;\">&nbsp;contains a complete record of The Lands Between. Overworld, dungeons and underworld, no matter where you go, every inch is carefully mapped and its secrets laid bare. All of the game’s areas and NPCs are covered and over 100 detailed area maps are included in a beautifully designed, premium hardcover volume.<br style=\"box-sizing: border-box;\"><br style=\"box-sizing: border-box;\"></span><span class=\"a-text-bold\" style=\"box-sizing: border-box; color: rgb(15, 17, 17); font-family: &quot;Amazon Ember&quot;, Arial, sans-serif; font-size: 14px; font-weight: 700 !important;\">Learning the Game</span><span style=\"box-sizing: border-box; color: rgb(15, 17, 17); font-family: &quot;Amazon Ember&quot;, Arial, sans-serif; font-size: 14px;\"><br style=\"box-sizing: border-box;\">The book opens with in-depth explanations and data for all of the gameplay elements and mechanics featured in the game. Everything you need to know to expertly traverse and explore these lands can be found here.<br style=\"box-sizing: border-box;\"><br style=\"box-sizing: border-box;\"></span><span class=\"a-text-bold\" style=\"box-sizing: border-box; color: rgb(15, 17, 17); font-family: &quot;Amazon Ember&quot;, Arial, sans-serif; font-size: 14px; font-weight: 700 !important;\">The Lay of the Land</span><span style=\"box-sizing: border-box; color: rgb(15, 17, 17); font-family: &quot;Amazon Ember&quot;, Arial, sans-serif; font-size: 14px;\"><br style=\"box-sizing: border-box;\">The World Guide chapter maps out the entire Lands Between, beautifully revealing the game’s true scale, one location at a time. The Dungeon Guide chapter places the focus on the game’s huge, labyrinthine dungeons, using ultra-detailed cartography to chart their every secret. With high level views of progression toward the game’s multiple endings and streamlined paths that highlight the places and details you’re most likely to miss, this will be the ultimate reference companion for exploring the world.<br style=\"box-sizing: border-box;\"><br style=\"box-sizing: border-box;\"></span><span class=\"a-text-bold\" style=\"box-sizing: border-box; color: rgb(15, 17, 17); font-family: &quot;Amazon Ember&quot;, Arial, sans-serif; font-size: 14px; font-weight: 700 !important;\">The Inhabitants Between</span><span style=\"box-sizing: border-box; color: rgb(15, 17, 17); font-family: &quot;Amazon Ember&quot;, Arial, sans-serif; font-size: 14px;\"><br style=\"box-sizing: border-box;\">The huge NPC Guide chapter spotlights the rich supporting cast of NPCs that inhabit The Lands Between. All of their quests are clearly charted with every branch and possibility fully explained. Each NPC’s key dialog is also printed here, so you won’t need to worry about missing important clues.<br style=\"box-sizing: border-box;\"><br style=\"box-sizing: border-box;\"></span><span class=\"a-text-bold\" style=\"box-sizing: border-box; color: rgb(15, 17, 17); font-family: &quot;Amazon Ember&quot;, Arial, sans-serif; font-size: 14px; font-weight: 700 !important;\">Designed for Reference</span><span style=\"box-sizing: border-box; color: rgb(15, 17, 17); font-family: &quot;Amazon Ember&quot;, Arial, sans-serif; font-size: 14px;\"><br style=\"box-sizing: border-box;\">The&nbsp;</span><span class=\"a-text-italic\" style=\"box-sizing: border-box; color: rgb(15, 17, 17); font-family: &quot;Amazon Ember&quot;, Arial, sans-serif; font-size: 14px; font-style: italic !important;\">Books of Knowledge</span><span style=\"box-sizing: border-box; color: rgb(15, 17, 17); font-family: &quot;Amazon Ember&quot;, Arial, sans-serif; font-size: 14px;\">&nbsp;are designed first and foremost to chronicle the world of Elden Ring while providing stats and information straight from the game’s developers at FromSoftware. These books will provide insight and enlightenment even to those who know the game well. To reinforce this approach, Volume I includes a dedicated lore section that summarizes and helps to piece together the game’s enigmatic storyline.<br style=\"box-sizing: border-box;\"><br style=\"box-sizing: border-box;\"></span><span class=\"a-text-bold\" style=\"box-sizing: border-box; color: rgb(15, 17, 17); font-family: &quot;Amazon Ember&quot;, Arial, sans-serif; font-size: 14px; font-weight: 700 !important;\">Premium Production</span><span style=\"box-sizing: border-box; color: rgb(15, 17, 17); font-family: &quot;Amazon Ember&quot;, Arial, sans-serif; font-size: 14px;\"><br style=\"box-sizing: border-box;\">This hardcover book is manufactured using the finest papers and most durable binding process. It comes with a large, double-sided world map poster and a bookmark ribbon for ease of reference.</span><br>', '61cIdzclx-L.jpg', '61cIdzclx-L.jpg', '61cIdzclx-L.jpg', 50, 'In Stock', '2023-04-06 10:00:00', NULL),
(48, 3, 13, 'Elden Ring Official Strategy Guide, Vol. 2: Shards of the Shattering', 'FromSoftware (Author)', 100, 240, '<span style=\"box-sizing: border-box; color: rgb(15, 17, 17); font-family: &quot;Amazon Ember&quot;, Arial, sans-serif; font-size: 14px;\">This second volume of Future Press’&nbsp;</span><span class=\"a-text-italic\" style=\"box-sizing: border-box; color: rgb(15, 17, 17); font-family: &quot;Amazon Ember&quot;, Arial, sans-serif; font-size: 14px; font-style: italic !important;\">Elden Ring Books of Knowledge</span><span style=\"box-sizing: border-box; color: rgb(15, 17, 17); font-family: &quot;Amazon Ember&quot;, Arial, sans-serif; font-size: 14px;\">&nbsp;is dedicated to the many creatures that inhabit the game’s world and the arsenal of armaments you can acquire to deal with them. Every enemy and boss you’ll encounter and every armament you can find is presented with artwork and stats in a beautifully designed, premium hardcover volume.<br style=\"box-sizing: border-box;\"><br style=\"box-sizing: border-box;\"></span><span class=\"a-text-bold\" style=\"box-sizing: border-box; color: rgb(15, 17, 17); font-family: &quot;Amazon Ember&quot;, Arial, sans-serif; font-size: 14px; font-weight: 700 !important;\">Learning to Fight</span><span style=\"box-sizing: border-box; color: rgb(15, 17, 17); font-family: &quot;Amazon Ember&quot;, Arial, sans-serif; font-size: 14px;\"><br style=\"box-sizing: border-box;\">The first chapter provides an in-depth battle primer, fully explaining all of the combat-related gameplay elements. If you want to know exactly how every aspect of the game’s combat works, look no further; we’ll show you how to excel with any play style.<br style=\"box-sizing: border-box;\"><br style=\"box-sizing: border-box;\"></span><span class=\"a-text-bold\" style=\"box-sizing: border-box; color: rgb(15, 17, 17); font-family: &quot;Amazon Ember&quot;, Arial, sans-serif; font-size: 14px; font-weight: 700 !important;\">The Bestiary</span><span style=\"box-sizing: border-box; color: rgb(15, 17, 17); font-family: &quot;Amazon Ember&quot;, Arial, sans-serif; font-size: 14px;\"><br style=\"box-sizing: border-box;\">The Lands Between is teeming with all manner of beasts, and we don’t spare a single page dissecting and analysing them here. We present thoroughly tested combat strategies that don’t require specific items or skills and account for every play style. Learn how to overcome even the toughest of foes, from the lowliest of wretches to the Shardbearers themselves.<br style=\"box-sizing: border-box;\"><br style=\"box-sizing: border-box;\"></span><span class=\"a-text-bold\" style=\"box-sizing: border-box; color: rgb(15, 17, 17); font-family: &quot;Amazon Ember&quot;, Arial, sans-serif; font-size: 14px; font-weight: 700 !important;\">The Armaments</span><span style=\"box-sizing: border-box; color: rgb(15, 17, 17); font-family: &quot;Amazon Ember&quot;, Arial, sans-serif; font-size: 14px;\"><br style=\"box-sizing: border-box;\">Elden Ring features an unparalleled selection of weapons, spells, armor and special abilities to experiment with?the variety on offer is dazzling. We catalogue all of them in an easy to reference format with complete stats for all upgrade levels to make working on builds a pleasure.<br style=\"box-sizing: border-box;\"><br style=\"box-sizing: border-box;\"></span><span class=\"a-text-bold\" style=\"box-sizing: border-box; color: rgb(15, 17, 17); font-family: &quot;Amazon Ember&quot;, Arial, sans-serif; font-size: 14px; font-weight: 700 !important;\">The Complete Package</span><span style=\"box-sizing: border-box; color: rgb(15, 17, 17); font-family: &quot;Amazon Ember&quot;, Arial, sans-serif; font-size: 14px;\"><br style=\"box-sizing: border-box;\">As with Volume I, this book is designed to chronicle everything about Elden Ring and be an impeccable source of reference. Easy to pick up and read, even those who’ve already played through the game should find it full of fascinating insights. With that in mind, Volume II also includes an exclusive interview with Elden Ring’s Director, Hidetaka Miyazaki.<br style=\"box-sizing: border-box;\"><br style=\"box-sizing: border-box;\"></span><span class=\"a-text-bold\" style=\"box-sizing: border-box; color: rgb(15, 17, 17); font-family: &quot;Amazon Ember&quot;, Arial, sans-serif; font-size: 14px; font-weight: 700 !important;\">Premium Production</span><span style=\"box-sizing: border-box; color: rgb(15, 17, 17); font-family: &quot;Amazon Ember&quot;, Arial, sans-serif; font-size: 14px;\"><br style=\"box-sizing: border-box;\">This hardcover book is manufactured using the finest papers and most durable binding process befitting of a true collector’s piece. It comes with four carefully selected art prints and a bookmark ribbon for ease of reference.</span><br>', '61MDkhe19uL.jpg', '61MDkhe19uL.jpg', '61MDkhe19uL.jpg', 50, 'In Stock', '2023-04-06 10:00:54', NULL),
(49, 5, 9, 'Star Wars Jedi: Survivor Deluxe Edition', 'Electronic Arts', 2000, 2100, '<table class=\"table table-bordered attribute\" style=\"background-color: rgb(255, 255, 255); border-collapse: inherit; width: 1098px; margin: 20px auto; border-top-width: 0px; border-right-width: 0px; border-bottom-width: 2px; border-left-style: solid; border-color: transparent transparent rgb(179, 0, 0); padding: 10px; color: rgb(51, 51, 51); font-family: &quot;Nunito Sans&quot;; font-size: 15px;\"><tbody style=\"box-sizing: border-box;\"><tr style=\"box-sizing: border-box;\"><td style=\"padding-right: 14px; padding-left: 14px; line-height: 1.42857; vertical-align: middle; border-right: 0px solid transparent; border-bottom: 1px solid transparent; border-left-width: 0px; border-top-style: solid; border-top-color: transparent; border-left-color: transparent; box-sizing: border-box; border-image: initial;\">h? lo?i</td><td style=\"padding-right: 14px; padding-left: 14px; line-height: 1.42857; vertical-align: middle; border-right: 0px solid transparent; border-bottom: 1px solid transparent; border-top-style: solid; border-top-color: transparent; border-left-color: transparent; box-sizing: border-box; border-image: initial;\"><a href=\"https://game.haloshop.vn/game-ps5?fa53=Action%20Adventure\" style=\"color: rgb(20, 102, 120); box-sizing: border-box; background-color: transparent; touch-action: manipulation; display: inline-block;\">Action Adventure</a></td></tr><tr style=\"box-sizing: border-box;\"><td style=\"padding-right: 14px; padding-left: 14px; line-height: 1.42857; vertical-align: middle; border-width: 0px 0px 1px; border-right-style: solid; border-bottom-style: solid; border-color: transparent; box-sizing: border-box; border-image: initial;\">H? máy</td><td style=\"padding-right: 14px; padding-left: 14px; line-height: 1.42857; vertical-align: middle; border-top-width: 0px; border-right: 0px solid transparent; border-bottom: 1px solid transparent; border-top-color: transparent; border-left-color: transparent; box-sizing: border-box; border-image: initial;\">PS5, Xbox Series X</td></tr><tr style=\"box-sizing: border-box;\"><td style=\"padding-right: 14px; padding-left: 14px; line-height: 1.42857; vertical-align: middle; border-width: 0px 0px 1px; border-right-style: solid; border-bottom-style: solid; border-color: transparent; box-sizing: border-box; border-image: initial;\">ESRB</td><td style=\"padding-right: 14px; padding-left: 14px; line-height: 1.42857; vertical-align: middle; border-top-width: 0px; border-right: 0px solid transparent; border-bottom: 1px solid transparent; border-top-color: transparent; border-left-color: transparent; box-sizing: border-box; border-image: initial;\">Teen<br style=\"box-sizing: border-box; height: 1px; display: block;\">Mild Language, Violence</td></tr><tr style=\"box-sizing: border-box;\"><td style=\"padding-right: 14px; padding-left: 14px; line-height: 1.42857; vertical-align: middle; border-width: 0px 0px 1px; border-right-style: solid; border-bottom-style: solid; border-color: transparent; box-sizing: border-box; border-image: initial;\">Ngày phát hành</td><td style=\"padding-right: 14px; padding-left: 14px; line-height: 1.42857; vertical-align: middle; border-top-width: 0px; border-right: 0px solid transparent; border-bottom: 1px solid transparent; border-top-color: transparent; border-left-color: transparent; box-sizing: border-box; border-image: initial;\">28/04/2023</td></tr><tr style=\"box-sizing: border-box;\"><td style=\"padding-right: 14px; padding-left: 14px; line-height: 1.42857; vertical-align: middle; border-width: 0px; border-right-style: solid; border-bottom-style: solid; border-color: transparent; border-image: initial; box-sizing: border-box;\">Nhà s?n xu?t &amp; phát hành</td><td style=\"padding-right: 14px; padding-left: 14px; line-height: 1.42857; vertical-align: middle; border-top-width: 0px; border-right: 0px solid transparent; border-bottom: 0px solid transparent; border-top-color: transparent; border-left-color: transparent; box-sizing: border-box; border-image: initial;\">Electronic Arts</td></tr></tbody></table>', 'star-wars-jedi-survivor-deluxe-edition-ps5-nph-700x700.jpg', 'star-wars-jedi-survivor-41-700x700.jpg', 'star-wars-jedi-survivor-43-700x700.jpg', 50, 'In Stock', '2023-04-06 10:03:10', NULL),
(50, 5, 9, 'Final Fantasy XVI', 'Sqare Enix', 1400, 1700, '<table class=\"table table-bordered attribute\" style=\"background-color: rgb(255, 255, 255); border-collapse: inherit; width: 1098px; margin: 20px auto; border-top-width: 0px; border-right-width: 0px; border-bottom-width: 2px; border-left-style: solid; border-color: transparent transparent rgb(179, 0, 0); padding: 10px; color: rgb(51, 51, 51); font-family: &quot;Nunito Sans&quot;; font-size: 15px;\"><tbody style=\"box-sizing: border-box;\"><tr style=\"box-sizing: border-box;\"><td style=\"padding-right: 14px; padding-left: 14px; line-height: 1.42857; vertical-align: middle; border-right: 0px solid transparent; border-bottom: 1px solid transparent; border-left-width: 0px; border-top-style: solid; border-top-color: transparent; border-left-color: transparent; box-sizing: border-box; border-image: initial;\">Th? lo?i</td><td style=\"padding-right: 14px; padding-left: 14px; line-height: 1.42857; vertical-align: middle; border-right: 0px solid transparent; border-bottom: 1px solid transparent; border-top-style: solid; border-top-color: transparent; border-left-color: transparent; box-sizing: border-box; border-image: initial;\"><a href=\"https://game.haloshop.vn/game-ps5?fa53=RPG\" style=\"color: rgb(20, 102, 120); box-sizing: border-box; background-color: transparent; touch-action: manipulation; display: inline-block;\">RPG</a></td></tr><tr style=\"box-sizing: border-box;\"><td style=\"padding-right: 14px; padding-left: 14px; line-height: 1.42857; vertical-align: middle; border-width: 0px 0px 1px; border-right-style: solid; border-bottom-style: solid; border-color: transparent; box-sizing: border-box; border-image: initial;\">H? máy</td><td style=\"padding-right: 14px; padding-left: 14px; line-height: 1.42857; vertical-align: middle; border-top-width: 0px; border-right: 0px solid transparent; border-bottom: 1px solid transparent; border-top-color: transparent; border-left-color: transparent; box-sizing: border-box; border-image: initial;\">PS5</td></tr><tr style=\"box-sizing: border-box;\"><td style=\"padding-right: 14px; padding-left: 14px; line-height: 1.42857; vertical-align: middle; border-width: 0px 0px 1px; border-right-style: solid; border-bottom-style: solid; border-color: transparent; box-sizing: border-box; border-image: initial;\">ESRB</td><td style=\"padding-right: 14px; padding-left: 14px; line-height: 1.42857; vertical-align: middle; border-top-width: 0px; border-right: 0px solid transparent; border-bottom: 1px solid transparent; border-top-color: transparent; border-left-color: transparent; box-sizing: border-box; border-image: initial;\">Mature 17+</td></tr><tr style=\"box-sizing: border-box;\"><td style=\"padding-right: 14px; padding-left: 14px; line-height: 1.42857; vertical-align: middle; border-width: 0px 0px 1px; border-right-style: solid; border-bottom-style: solid; border-color: transparent; box-sizing: border-box; border-image: initial;\">Ngày phát hành</td><td style=\"padding-right: 14px; padding-left: 14px; line-height: 1.42857; vertical-align: middle; border-top-width: 0px; border-right: 0px solid transparent; border-bottom: 1px solid transparent; border-top-color: transparent; border-left-color: transparent; box-sizing: border-box; border-image: initial;\">22/06/2023</td></tr><tr style=\"box-sizing: border-box;\"><td style=\"padding-right: 14px; padding-left: 14px; line-height: 1.42857; vertical-align: middle; border-width: 0px; border-right-style: solid; border-bottom-style: solid; border-color: transparent; border-image: initial; box-sizing: border-box;\">Nhà s?n xu?t &amp; phát hành</td><td style=\"padding-right: 14px; padding-left: 14px; line-height: 1.42857; vertical-align: middle; border-top-width: 0px; border-right: 0px solid transparent; border-bottom: 0px solid transparent; border-top-color: transparent; border-left-color: transparent; box-sizing: border-box; border-image: initial;\">Square Enix</td></tr></tbody></table>', 'final-fantasy-xvi-ps5-nph-asia-700x700h.jpg', 'final-fantasy-xvi-42-700x700.jpg', 'final-fantasy-xvi-41-700x700.jpg', 0, 'In Stock', '2023-04-06 10:04:22', NULL),
(51, 5, 9, 'Cave Digger 2: Dig Harder', 'Meiki Ow', 800, 850, '<table class=\"table table-bordered attribute\" style=\"background-color: rgb(255, 255, 255); border-collapse: inherit; width: 1098px; margin: 20px auto; border-top-width: 0px; border-right-width: 0px; border-bottom-width: 2px; border-left-style: solid; border-color: transparent transparent rgb(179, 0, 0); padding: 10px; color: rgb(51, 51, 51); font-family: &quot;Nunito Sans&quot;; font-size: 15px;\"><tbody style=\"box-sizing: border-box;\"><tr style=\"box-sizing: border-box;\"><td style=\"padding-right: 14px; padding-left: 14px; line-height: 1.42857; vertical-align: middle; border-right: 0px solid transparent; border-bottom: 1px solid transparent; border-left-width: 0px; border-top-style: solid; border-top-color: transparent; border-left-color: transparent; box-sizing: border-box; border-image: initial;\">Th? lo?i</td><td style=\"padding-right: 14px; padding-left: 14px; line-height: 1.42857; vertical-align: middle; border-right: 0px solid transparent; border-bottom: 1px solid transparent; border-top-style: solid; border-top-color: transparent; border-left-color: transparent; box-sizing: border-box; border-image: initial;\"><a href=\"https://game.haloshop.vn/game-ps5?fa53=Action%20Adventure\" style=\"color: rgb(20, 102, 120); box-sizing: border-box; background-color: transparent; touch-action: manipulation; display: inline-block;\">Action Adventure</a></td></tr><tr style=\"box-sizing: border-box;\"><td style=\"padding-right: 14px; padding-left: 14px; line-height: 1.42857; vertical-align: middle; border-width: 0px 0px 1px; border-right-style: solid; border-bottom-style: solid; border-color: transparent; box-sizing: border-box; border-image: initial;\">H? máy</td><td style=\"padding-right: 14px; padding-left: 14px; line-height: 1.42857; vertical-align: middle; border-top-width: 0px; border-right: 0px solid transparent; border-bottom: 1px solid transparent; border-top-color: transparent; border-left-color: transparent; box-sizing: border-box; border-image: initial;\">PS5</td></tr><tr style=\"box-sizing: border-box;\"><td style=\"padding-right: 14px; padding-left: 14px; line-height: 1.42857; vertical-align: middle; border-width: 0px 0px 1px; border-right-style: solid; border-bottom-style: solid; border-color: transparent; box-sizing: border-box; border-image: initial;\">ESRB</td><td style=\"padding-right: 14px; padding-left: 14px; line-height: 1.42857; vertical-align: middle; border-top-width: 0px; border-right: 0px solid transparent; border-bottom: 1px solid transparent; border-top-color: transparent; border-left-color: transparent; box-sizing: border-box; border-image: initial;\">Teen<br style=\"box-sizing: border-box; height: 1px; display: block;\">Violen, Blood, Suggestive Themes</td></tr><tr style=\"box-sizing: border-box;\"><td style=\"padding-right: 14px; padding-left: 14px; line-height: 1.42857; vertical-align: middle; border-width: 0px 0px 1px; border-right-style: solid; border-bottom-style: solid; border-color: transparent; box-sizing: border-box; border-image: initial;\">Ngày phát hành</td><td style=\"padding-right: 14px; padding-left: 14px; line-height: 1.42857; vertical-align: middle; border-top-width: 0px; border-right: 0px solid transparent; border-bottom: 1px solid transparent; border-top-color: transparent; border-left-color: transparent; box-sizing: border-box; border-image: initial;\">22/02/2023</td></tr><tr style=\"box-sizing: border-box;\"><td style=\"padding-right: 14px; padding-left: 14px; line-height: 1.42857; vertical-align: middle; border-width: 0px 0px 1px; border-right-style: solid; border-bottom-style: solid; border-color: transparent; box-sizing: border-box; border-image: initial;\">Ngôn ng?</td><td style=\"padding-right: 14px; padding-left: 14px; line-height: 1.42857; vertical-align: middle; border-top-width: 0px; border-right: 0px solid transparent; border-bottom: 1px solid transparent; border-top-color: transparent; border-left-color: transparent; box-sizing: border-box; border-image: initial;\">Chinese (Simplified), Chinese (Traditional), English, French (France), German, Italian, Japanese, Korean, Portuguese (Brazil), Spanish</td></tr><tr style=\"box-sizing: border-box;\"><td style=\"padding-right: 14px; padding-left: 14px; line-height: 1.42857; vertical-align: middle; border-width: 0px 0px 1px; border-right-style: solid; border-bottom-style: solid; border-color: transparent; box-sizing: border-box; border-image: initial;\">S? ng??i ch?i Offline</td><td style=\"padding-right: 14px; padding-left: 14px; line-height: 1.42857; vertical-align: middle; border-top-width: 0px; border-right: 0px solid transparent; border-bottom: 1px solid transparent; border-top-color: transparent; border-left-color: transparent; box-sizing: border-box; border-image: initial;\">1 ng??i</td></tr><tr style=\"box-sizing: border-box;\"><td style=\"padding-right: 14px; padding-left: 14px; line-height: 1.42857; vertical-align: middle; border-width: 0px 0px 1px; border-right-style: solid; border-bottom-style: solid; border-color: transparent; box-sizing: border-box; border-image: initial;\">S? ng??i ch?i Online</td><td style=\"padding-right: 14px; padding-left: 14px; line-height: 1.42857; vertical-align: middle; border-top-width: 0px; border-right: 0px solid transparent; border-bottom: 1px solid transparent; border-top-color: transparent; border-left-color: transparent; box-sizing: border-box; border-image: initial;\">2 - 4 ng??i</td></tr><tr style=\"box-sizing: border-box;\"><td style=\"padding-right: 14px; padding-left: 14px; line-height: 1.42857; vertical-align: middle; border-width: 0px; border-right-style: solid; border-bottom-style: solid; border-color: transparent; border-image: initial; box-sizing: border-box;\">Nhà s?n xu?t &amp; phát hành</td><td style=\"padding-right: 14px; padding-left: 14px; line-height: 1.42857; vertical-align: middle; border-top-width: 0px; border-right: 0px solid transparent; border-bottom: 0px solid transparent; border-top-color: transparent; border-left-color: transparent; box-sizing: border-box; border-image: initial;\">Mekiwi Oy</td></tr></tbody></table>', 'cave-digger-2-dig-harder-ps5-700x700h.jpg', 'cave-digger-2-dig-harder-42-700x700.jpg', 'cave-digger-2-dig-harder-41-700x700.jpg', 0, 'In Stock', '2023-04-06 10:05:21', NULL),
(52, 5, 9, 'PlayStation 5 / PS5 Standard Edition - KOREA + Resident Evil 4 Remake - BH 12 Tháng', 'Sony PlayStation', 16000, 17800, '<table class=\"table table-bordered\" style=\"background-color: rgb(255, 255, 255); border-collapse: inherit; width: 538.55px; margin-top: 20px; margin-right: auto; margin-left: auto; border-top-width: 0px; border-right-width: 0px; border-bottom-width: 0px; padding: 10px; color: rgb(51, 51, 51); font-family: &quot;Nunito Sans&quot;; font-size: 15px; border-style: none !important; border-top-color: initial !important; border-right-color: initial !important; border-bottom-color: initial !important;\"><tbody style=\"box-sizing: border-box;\"><tr style=\"box-sizing: border-box;\"><td style=\"padding-right: 14px; padding-left: 14px; line-height: 1.42857; vertical-align: middle; border-right: 0px solid transparent; border-bottom: 1px solid transparent; border-left-width: 0px; border-top-style: solid; border-top-color: transparent; border-left-color: transparent; box-sizing: border-box; border-image: initial; width: 114.075px;\">Mã s?n ph?m</td><td style=\"padding-right: 14px; padding-left: 14px; line-height: 1.42857; vertical-align: middle; border-right: 0px solid transparent; border-bottom: 1px solid transparent; border-top-style: solid; border-top-color: transparent; border-left-color: transparent; box-sizing: border-box; border-image: initial;\">PS5 Standard Edition</td></tr><tr style=\"box-sizing: border-box;\"><td style=\"padding-right: 14px; padding-left: 14px; line-height: 1.42857; vertical-align: middle; border-width: 0px 0px 1px; border-right-style: solid; border-bottom-style: solid; border-color: transparent; box-sizing: border-box; border-image: initial; width: 114.075px;\">Chi ti?t CPU</td><td style=\"padding-right: 14px; padding-left: 14px; line-height: 1.42857; vertical-align: middle; border-top-width: 0px; border-right: 0px solid transparent; border-bottom: 1px solid transparent; border-top-color: transparent; border-left-color: transparent; box-sizing: border-box; border-image: initial;\">AMD Zen 2 8 nhân 16 lu?ng, xung nh?p 3.5GHz</td></tr><tr style=\"box-sizing: border-box;\"><td style=\"padding-right: 14px; padding-left: 14px; line-height: 1.42857; vertical-align: middle; border-width: 0px 0px 1px; border-right-style: solid; border-bottom-style: solid; border-color: transparent; box-sizing: border-box; border-image: initial; width: 114.075px;\">GPU</td><td style=\"padding-right: 14px; padding-left: 14px; line-height: 1.42857; vertical-align: middle; border-top-width: 0px; border-right: 0px solid transparent; border-bottom: 1px solid transparent; border-top-color: transparent; border-left-color: transparent; box-sizing: border-box; border-image: initial;\">Ki?n trúc RDNA 2 c?a AMD, s?c m?nh 10.3 TFLOPS, t?c ?? 2.23GHz, h? tr? Ray-Tracing</td></tr><tr style=\"box-sizing: border-box;\"><td style=\"padding-right: 14px; padding-left: 14px; line-height: 1.42857; vertical-align: middle; border-width: 0px 0px 1px; border-right-style: solid; border-bottom-style: solid; border-color: transparent; box-sizing: border-box; border-image: initial; width: 114.075px;\">RAM</td><td style=\"padding-right: 14px; padding-left: 14px; line-height: 1.42857; vertical-align: middle; border-top-width: 0px; border-right: 0px solid transparent; border-bottom: 1px solid transparent; border-top-color: transparent; border-left-color: transparent; box-sizing: border-box; border-image: initial;\">GDDR6 16GB</td></tr><tr style=\"box-sizing: border-box;\"><td style=\"padding-right: 14px; padding-left: 14px; line-height: 1.42857; vertical-align: middle; border-width: 0px 0px 1px; border-right-style: solid; border-bottom-style: solid; border-color: transparent; box-sizing: border-box; border-image: initial; width: 114.075px;\">B? nh? trong</td><td style=\"padding-right: 14px; padding-left: 14px; line-height: 1.42857; vertical-align: middle; border-top-width: 0px; border-right: 0px solid transparent; border-bottom: 1px solid transparent; border-top-color: transparent; border-left-color: transparent; box-sizing: border-box; border-image: initial;\">825GB SSD t?c ?? ??t 5,5 GB/s</td></tr><tr style=\"box-sizing: border-box;\"><td style=\"padding-right: 14px; padding-left: 14px; line-height: 1.42857; vertical-align: middle; border-width: 0px; border-right-style: solid; border-bottom-style: solid; border-color: transparent; border-image: initial; box-sizing: border-box; width: 114.075px;\">Tính n?ng m?i</td><td style=\"padding-right: 14px; padding-left: 14px; line-height: 1.42857; vertical-align: middle; border-top-width: 0px; border-right: 0px solid transparent; border-bottom: 0px solid transparent; border-top-color: transparent; border-left-color: transparent; box-sizing: border-box; border-image: initial;\">H? tr? Ray-Tracing, h? tr? ch?i game 8K 120Hz, âm thanh vòm 3D audio, t??ng thích ng??c v?i game PS4</td></tr></tbody><thead style=\"box-sizing: border-box;\"><tr style=\"box-sizing: border-box;\"><td colspan=\"2\" style=\"padding-right: 14px; padding-left: 14px; line-height: 1.42857; vertical-align: middle; border-right: 0px solid transparent; border-bottom: 1px solid transparent; border-left-width: 0px; border-top-color: transparent; border-left-color: transparent; box-sizing: border-box; font-size: 13px; font-weight: 700; text-transform: uppercase; background: rgb(238, 238, 238); border-image: initial; width: 518.55px;\"><span style=\"box-sizing: border-box;\">K?T N?I D? LI?U</span></td></tr></thead><tbody style=\"box-sizing: border-box;\"><tr style=\"box-sizing: border-box;\"><td style=\"padding-right: 14px; padding-left: 14px; line-height: 1.42857; vertical-align: middle; border-width: 0px 0px 1px; border-right-style: solid; border-bottom-style: solid; border-color: transparent; box-sizing: border-box; border-image: initial; width: 114.075px;\">? ??a BD/DVD (ch? ??c)</td><td style=\"padding-right: 14px; padding-left: 14px; line-height: 1.42857; vertical-align: middle; border-top-width: 0px; border-right: 0px solid transparent; border-bottom: 1px solid transparent; border-top-color: transparent; border-left-color: transparent; box-sizing: border-box; border-image: initial;\">Ultra HD Blu-ray (66G/100G) ~10xCAV, BD-ROM (25G/50G) ~8xCAV, BD-R/RE (25G/50G) ~8xCAV, DVD ~3.2xCLV</td></tr><tr style=\"box-sizing: border-box;\"><td style=\"padding-right: 14px; padding-left: 14px; line-height: 1.42857; vertical-align: middle; border-width: 0px 0px 1px; border-right-style: solid; border-bottom-style: solid; border-color: transparent; box-sizing: border-box; border-image: initial; width: 114.075px;\">Wi-Fi</td><td style=\"padding-right: 14px; padding-left: 14px; line-height: 1.42857; vertical-align: middle; border-top-width: 0px; border-right: 0px solid transparent; border-bottom: 1px solid transparent; border-top-color: transparent; border-left-color: transparent; box-sizing: border-box; border-image: initial;\">802.11 a/b/g/n/ac/ax</td></tr><tr style=\"box-sizing: border-box;\"><td style=\"padding-right: 14px; padding-left: 14px; line-height: 1.42857; vertical-align: middle; border-width: 0px 0px 1px; border-right-style: solid; border-bottom-style: solid; border-color: transparent; box-sizing: border-box; border-image: initial; width: 114.075px;\">Bluetooth</td><td style=\"padding-right: 14px; padding-left: 14px; line-height: 1.42857; vertical-align: middle; border-top-width: 0px; border-right: 0px solid transparent; border-bottom: 1px solid transparent; border-top-color: transparent; border-left-color: transparent; box-sizing: border-box; border-image: initial;\">5.1</td></tr><tr style=\"box-sizing: border-box;\"><td style=\"padding-right: 14px; padding-left: 14px; line-height: 1.42857; vertical-align: middle; border-width: 0px 0px 1px; border-right-style: solid; border-bottom-style: solid; border-color: transparent; box-sizing: border-box; border-image: initial; width: 114.075px;\">C?ng k?t n?i</td><td style=\"padding-right: 14px; padding-left: 14px; line-height: 1.42857; vertical-align: middle; border-top-width: 0px; border-right: 0px solid transparent; border-bottom: 1px solid transparent; border-top-color: transparent; border-left-color: transparent; box-sizing: border-box; border-image: initial;\">HDMI 2.1, 3 x USB-A, 1 x USB-C</td></tr><tr style=\"box-sizing: border-box;\"><td style=\"padding-right: 14px; padding-left: 14px; line-height: 1.42857; vertical-align: middle; border-width: 0px 0px 1px; border-right-style: solid; border-bottom-style: solid; border-color: transparent; box-sizing: border-box; border-image: initial; width: 114.075px;\">C?ng ra AV</td><td style=\"padding-right: 14px; padding-left: 14px; line-height: 1.42857; vertical-align: middle; border-top-width: 0px; border-right: 0px solid transparent; border-bottom: 1px solid transparent; border-top-color: transparent; border-left-color: transparent; box-sizing: border-box; border-image: initial;\">HDMI 2.1 (4K@120Hz, 8K@60Hz)</td></tr><tr style=\"box-sizing: border-box;\"><td style=\"padding-right: 14px; padding-left: 14px; line-height: 1.42857; vertical-align: middle; border-width: 0px; border-right-style: solid; border-bottom-style: solid; border-color: transparent; border-image: initial; box-sizing: border-box; width: 114.075px;\">K?t n?i m?ng</td><td style=\"padding-right: 14px; padding-left: 14px; line-height: 1.42857; vertical-align: middle; border-top-width: 0px; border-right: 0px solid transparent; border-bottom: 0px solid transparent; border-top-color: transparent; border-left-color: transparent; box-sizing: border-box; border-image: initial;\">Ethernet (10BASE-T, 100BASE-TX, 1000BASE-T)</td></tr></tbody><thead style=\"box-sizing: border-box;\"><tr style=\"box-sizing: border-box;\"><td colspan=\"2\" style=\"padding-right: 14px; padding-left: 14px; line-height: 1.42857; vertical-align: middle; border-right: 0px solid transparent; border-bottom: 1px solid transparent; border-left-width: 0px; border-top-color: transparent; border-left-color: transparent; box-sizing: border-box; font-size: 13px; font-weight: 700; text-transform: uppercase; background: rgb(238, 238, 238); border-image: initial; width: 518.55px;\"><span style=\"box-sizing: border-box;\">THÔNG S? V?T LÝ</span></td></tr></thead><tbody style=\"box-sizing: border-box;\"><tr style=\"box-sizing: border-box;\"><td style=\"padding-right: 14px; padding-left: 14px; line-height: 1.42857; vertical-align: middle; border-width: 0px 0px 1px; border-right-style: solid; border-bottom-style: solid; border-color: transparent; box-sizing: border-box; border-image: initial; width: 114.075px;\">Màu s?c s?n ph?m</td><td style=\"padding-right: 14px; padding-left: 14px; line-height: 1.42857; vertical-align: middle; border-top-width: 0px; border-right: 0px solid transparent; border-bottom: 1px solid transparent; border-top-color: transparent; border-left-color: transparent; box-sizing: border-box; border-image: initial;\">Tr?ng</td></tr><tr style=\"box-sizing: border-box;\"><td style=\"padding-right: 14px; padding-left: 14px; line-height: 1.42857; vertical-align: middle; border-width: 0px 0px 1px; border-right-style: solid; border-bottom-style: solid; border-color: transparent; box-sizing: border-box; border-image: initial; width: 114.075px;\">Kích th??c</td><td style=\"padding-right: 14px; padding-left: 14px; line-height: 1.42857; vertical-align: middle; border-top-width: 0px; border-right: 0px solid transparent; border-bottom: 1px solid transparent; border-top-color: transparent; border-left-color: transparent; box-sizing: border-box; border-image: initial;\">39 x 10.4 x 26 (cm)</td></tr><tr style=\"box-sizing: border-box;\"><td style=\"padding-right: 14px; padding-left: 14px; line-height: 1.42857; vertical-align: middle; border-width: 0px 0px 1px; border-right-style: solid; border-bottom-style: solid; border-color: transparent; box-sizing: border-box; border-image: initial; width: 114.075px;\">Kh?i l??ng</td><td style=\"padding-right: 14px; padding-left: 14px; line-height: 1.42857; vertical-align: middle; border-top-width: 0px; border-right: 0px solid transparent; border-bottom: 1px solid transparent; border-top-color: transparent; border-left-color: transparent; box-sizing: border-box; border-image: initial;\">4.5kg</td></tr><tr style=\"box-sizing: border-box;\"><td style=\"padding-right: 14px; padding-left: 14px; line-height: 1.42857; vertical-align: middle; border-width: 0px 0px 1px; border-right-style: solid; border-bottom-style: solid; border-color: transparent; box-sizing: border-box; border-image: initial; width: 114.075px;\">Ngu?n ?i?n</td><td style=\"padding-right: 14px; padding-left: 14px; line-height: 1.42857; vertical-align: middle; border-top-width: 0px; border-right: 0px solid transparent; border-bottom: 1px solid transparent; border-top-color: transparent; border-left-color: transparent; box-sizing: border-box; border-image: initial;\">100-240V, 50/60Hz</td></tr><tr style=\"box-sizing: border-box;\"><td style=\"padding-right: 14px; padding-left: 14px; line-height: 1.42857; vertical-align: middle; border-width: 0px 0px 1px; border-right-style: solid; border-bottom-style: solid; border-color: transparent; box-sizing: border-box; border-image: initial; width: 114.075px;\">Công su?t tiêu th?</td><td style=\"padding-right: 14px; padding-left: 14px; line-height: 1.42857; vertical-align: middle; border-top-width: 0px; border-right: 0px solid transparent; border-bottom: 1px solid transparent; border-top-color: transparent; border-left-color: transparent; box-sizing: border-box; border-image: initial;\">350W</td></tr><tr style=\"box-sizing: border-box;\"><td style=\"padding-right: 14px; padding-left: 14px; line-height: 1.42857; vertical-align: middle; border-width: 0px; border-right-style: solid; border-bottom-style: solid; border-color: transparent; border-image: initial; box-sizing: border-box; width: 114.075px;\">Nhi?t ?? làm vi?c</td><td style=\"padding-right: 14px; padding-left: 14px; line-height: 1.42857; vertical-align: middle; border-top-width: 0px; border-right: 0px solid transparent; border-bottom: 0px solid transparent; border-top-color: transparent; border-left-color: transparent; box-sizing: border-box; border-image: initial;\">55 - 65 ?? C</td></tr></tbody></table>', 'ps5-standard-700x700.jpg', 'ps5-40-700x700.jpg', 'ps5-40-700x700.jpg', 50, 'In Stock', '2023-04-06 10:06:59', NULL);
INSERT INTO `products` (`id`, `category`, `subCategory`, `productName`, `productCompany`, `productPrice`, `productPriceBeforeDiscount`, `productDescription`, `productImage1`, `productImage2`, `productImage3`, `shippingCharge`, `productAvailability`, `postingDate`, `updationDate`) VALUES
(53, 5, 10, 'Naruto Shippuden: Ultimate Ninja Storm 4 Road to Boruto - Secondhand', 'BandaiNamcom', 300, 400, '<table class=\"table table-bordered attribute\" style=\"background-color: rgb(255, 255, 255); border-collapse: inherit; width: 1098px; margin: 20px auto; border-top-width: 0px; border-right-width: 0px; border-bottom-width: 2px; border-left-style: solid; border-color: transparent transparent rgb(179, 0, 0); padding: 10px; color: rgb(51, 51, 51); font-family: &quot;Nunito Sans&quot;; font-size: 15px;\"><tbody style=\"box-sizing: border-box;\"><tr style=\"box-sizing: border-box;\"><td style=\"padding-right: 14px; padding-left: 14px; line-height: 1.42857; vertical-align: middle; border-right: 0px solid transparent; border-bottom: 1px solid transparent; border-left-width: 0px; border-top-style: solid; border-top-color: transparent; border-left-color: transparent; box-sizing: border-box; border-image: initial;\">Th? lo?i</td><td style=\"padding-right: 14px; padding-left: 14px; line-height: 1.42857; vertical-align: middle; border-right: 0px solid transparent; border-bottom: 1px solid transparent; border-top-style: solid; border-top-color: transparent; border-left-color: transparent; box-sizing: border-box; border-image: initial;\"><a href=\"https://game.haloshop.vn/sony-playstation/ps4/game-ps4?fa53=Fighting\" style=\"color: rgb(20, 102, 120); box-sizing: border-box; background-color: transparent; touch-action: manipulation; display: inline-block;\">Fighting</a></td></tr><tr style=\"box-sizing: border-box;\"><td style=\"padding-right: 14px; padding-left: 14px; line-height: 1.42857; vertical-align: middle; border-width: 0px 0px 1px; border-right-style: solid; border-bottom-style: solid; border-color: transparent; box-sizing: border-box; border-image: initial;\">H? máy</td><td style=\"padding-right: 14px; padding-left: 14px; line-height: 1.42857; vertical-align: middle; border-top-width: 0px; border-right: 0px solid transparent; border-bottom: 1px solid transparent; border-top-color: transparent; border-left-color: transparent; box-sizing: border-box; border-image: initial;\">PS4,&nbsp;<a href=\"https://game.haloshop.vn/dragon-ball-xenoverse-2-xbox-one\" style=\"color: rgb(20, 102, 120); box-sizing: border-box; background-color: transparent; touch-action: manipulation; display: inline-block;\">Xbox One</a>,&nbsp;<a href=\"https://game.haloshop.vn/dragon-ball-xenoverse-2-us-switch\" style=\"color: rgb(20, 102, 120); box-sizing: border-box; background-color: transparent; touch-action: manipulation; display: inline-block;\">Nintendo Switch</a></td></tr><tr style=\"box-sizing: border-box;\"><td style=\"padding-right: 14px; padding-left: 14px; line-height: 1.42857; vertical-align: middle; border-width: 0px 0px 1px; border-right-style: solid; border-bottom-style: solid; border-color: transparent; box-sizing: border-box; border-image: initial;\">ESRB</td><td style=\"padding-right: 14px; padding-left: 14px; line-height: 1.42857; vertical-align: middle; border-top-width: 0px; border-right: 0px solid transparent; border-bottom: 1px solid transparent; border-top-color: transparent; border-left-color: transparent; box-sizing: border-box; border-image: initial;\">Teen Cartoon Violence, Mild Blood, Mild Language, Mild Suggestive Themes</td></tr><tr style=\"box-sizing: border-box;\"><td style=\"padding-right: 14px; padding-left: 14px; line-height: 1.42857; vertical-align: middle; border-width: 0px 0px 1px; border-right-style: solid; border-bottom-style: solid; border-color: transparent; box-sizing: border-box; border-image: initial;\">Ngày phát hành</td><td style=\"padding-right: 14px; padding-left: 14px; line-height: 1.42857; vertical-align: middle; border-top-width: 0px; border-right: 0px solid transparent; border-bottom: 1px solid transparent; border-top-color: transparent; border-left-color: transparent; box-sizing: border-box; border-image: initial;\">24/10/2016</td></tr><tr style=\"box-sizing: border-box;\"><td style=\"padding-right: 14px; padding-left: 14px; line-height: 1.42857; vertical-align: middle; border-width: 0px; border-right-style: solid; border-bottom-style: solid; border-color: transparent; border-image: initial; box-sizing: border-box;\">Nhà s?n xu?t &amp; phát hành</td><td style=\"padding-right: 14px; padding-left: 14px; line-height: 1.42857; vertical-align: middle; border-top-width: 0px; border-right: 0px solid transparent; border-bottom: 0px solid transparent; border-top-color: transparent; border-left-color: transparent; box-sizing: border-box; border-image: initial;\">Bandai Namco Games</td></tr></tbody></table>', 'naruto-shippuden-ultimate-ninja-storm-4-road-to-robuto-ps4-700x700h.jpg', 'naruto-shippuden-ultimate-ninja-storm-4-road-to-robuto-45-700x700w.jpg', 'naruto-shippuden-ultimate-ninja-storm-4-road-to-robuto-44-700x700w.jpg', 50, 'In Stock', '2023-04-06 10:08:31', NULL),
(54, 5, 10, 'Dragon Ball: Xenoverse 2 - Seconhand', 'BandaiNamcom', 380, 400, '<table class=\"table table-bordered attribute\" style=\"background-color: rgb(255, 255, 255); border-collapse: inherit; width: 1098px; margin: 20px auto; border-top-width: 0px; border-right-width: 0px; border-bottom-width: 2px; border-left-style: solid; border-color: transparent transparent rgb(179, 0, 0); padding: 10px; color: rgb(51, 51, 51); font-family: &quot;Nunito Sans&quot;; font-size: 15px;\"><tbody style=\"box-sizing: border-box;\"><tr style=\"box-sizing: border-box;\"><td style=\"padding-right: 14px; padding-left: 14px; line-height: 1.42857; vertical-align: middle; border-right: 0px solid transparent; border-bottom: 1px solid transparent; border-left-width: 0px; border-top-style: solid; border-top-color: transparent; border-left-color: transparent; box-sizing: border-box; border-image: initial;\">Th? lo?i</td><td style=\"padding-right: 14px; padding-left: 14px; line-height: 1.42857; vertical-align: middle; border-right: 0px solid transparent; border-bottom: 1px solid transparent; border-top-style: solid; border-top-color: transparent; border-left-color: transparent; box-sizing: border-box; border-image: initial;\"><a href=\"https://game.haloshop.vn/sony-playstation/ps4/game-ps4?fa53=Fighting\" style=\"color: rgb(20, 102, 120); box-sizing: border-box; background-color: transparent; touch-action: manipulation; display: inline-block;\">Fighting</a></td></tr><tr style=\"box-sizing: border-box;\"><td style=\"padding-right: 14px; padding-left: 14px; line-height: 1.42857; vertical-align: middle; border-width: 0px 0px 1px; border-right-style: solid; border-bottom-style: solid; border-color: transparent; box-sizing: border-box; border-image: initial;\">H? máy</td><td style=\"padding-right: 14px; padding-left: 14px; line-height: 1.42857; vertical-align: middle; border-top-width: 0px; border-right: 0px solid transparent; border-bottom: 1px solid transparent; border-top-color: transparent; border-left-color: transparent; box-sizing: border-box; border-image: initial;\">PS4,&nbsp;<a href=\"https://game.haloshop.vn/dragon-ball-xenoverse-2-xbox-one\" style=\"color: rgb(20, 102, 120); box-sizing: border-box; background-color: transparent; touch-action: manipulation; display: inline-block;\">Xbox One</a>,&nbsp;<a href=\"https://game.haloshop.vn/dragon-ball-xenoverse-2-us-switch\" style=\"color: rgb(20, 102, 120); box-sizing: border-box; background-color: transparent; touch-action: manipulation; display: inline-block;\">Nintendo Switch</a></td></tr><tr style=\"box-sizing: border-box;\"><td style=\"padding-right: 14px; padding-left: 14px; line-height: 1.42857; vertical-align: middle; border-width: 0px 0px 1px; border-right-style: solid; border-bottom-style: solid; border-color: transparent; box-sizing: border-box; border-image: initial;\">ESRB</td><td style=\"padding-right: 14px; padding-left: 14px; line-height: 1.42857; vertical-align: middle; border-top-width: 0px; border-right: 0px solid transparent; border-bottom: 1px solid transparent; border-top-color: transparent; border-left-color: transparent; box-sizing: border-box; border-image: initial;\">Teen Cartoon Violence, Mild Blood, Mild Language, Mild Suggestive Themes</td></tr><tr style=\"box-sizing: border-box;\"><td style=\"padding-right: 14px; padding-left: 14px; line-height: 1.42857; vertical-align: middle; border-width: 0px 0px 1px; border-right-style: solid; border-bottom-style: solid; border-color: transparent; box-sizing: border-box; border-image: initial;\">Ngày phát hành</td><td style=\"padding-right: 14px; padding-left: 14px; line-height: 1.42857; vertical-align: middle; border-top-width: 0px; border-right: 0px solid transparent; border-bottom: 1px solid transparent; border-top-color: transparent; border-left-color: transparent; box-sizing: border-box; border-image: initial;\">24/10/2016</td></tr><tr style=\"box-sizing: border-box;\"><td style=\"padding-right: 14px; padding-left: 14px; line-height: 1.42857; vertical-align: middle; border-width: 0px; border-right-style: solid; border-bottom-style: solid; border-color: transparent; border-image: initial; box-sizing: border-box;\">Nhà s?n xu?t &amp; phát hành</td><td style=\"padding-right: 14px; padding-left: 14px; line-height: 1.42857; vertical-align: middle; border-top-width: 0px; border-right: 0px solid transparent; border-bottom: 0px solid transparent; border-top-color: transparent; border-left-color: transparent; box-sizing: border-box; border-image: initial;\">Bandai Namco Games</td></tr></tbody></table>', 'dragon-ball-xenoverse-2-ps4-700x700h.jpg', 'dragon-ball-xenoverse-2-45-700x700w.jpg', 'dragon-ball-xenoverse-2-44-700x700w.jpg', 50, 'In Stock', '2023-04-06 10:09:59', NULL),
(55, 5, 10, 'Playstation 4 Slim 1TB Fifa 23 - Chính Hãng BH 12 Tháng', 'Sony PlayStation', 8800, 8900, '<div class=\"product-blocks-bottom product-blocks-2691 grid-rows\" style=\"box-sizing: border-box; display: flex; -webkit-box-orient: vertical; -webkit-box-direction: normal; flex-direction: column; order: -15; background: rgb(236, 244, 251); padding: 10px; margin-bottom: 5px; border-width: 1px; border-style: solid; border-color: rgb(221, 221, 221); color: rgb(51, 51, 51); font-family: &quot;Nunito Sans&quot;; font-size: 15px;\"><div class=\"grid-row grid-row-2691-1\" style=\"box-sizing: border-box; position: relative; backface-visibility: hidden;\"><div class=\"grid-cols\" style=\"box-sizing: border-box; display: flex; flex-wrap: wrap; margin: 0px auto; height: 225.5px; max-width: 1280px;\"><div class=\"grid-col grid-col-2691-1-1\" style=\"box-sizing: border-box; width: 578.4px; position: relative;\"><div class=\"grid-items\" style=\"box-sizing: border-box; height: 225.5px; display: flex; -webkit-box-orient: vertical; -webkit-box-direction: normal; flex-direction: column; justify-content: flex-start;\"><div class=\"grid-item grid-item-2691-1-1-1\" style=\"box-sizing: border-box; width: 578.4px;\"><div class=\"module module-info_blocks module-info_blocks-2692\" style=\"box-sizing: border-box; position: relative;\"><div class=\"module-body\" style=\"box-sizing: border-box; display: flex; flex-wrap: wrap;\"><div class=\"module-item module-item-1 info-blocks info-blocks-icon\" style=\"box-sizing: border-box; padding: 5px; width: calc(100% - 0.01px);\"><div class=\"info-block\" style=\"box-sizing: border-box; position: relative; transition: all 0.075s ease-out 0s; height: 215.5px; display: flex; flex-direction: row; justify-content: flex-start;\"><div class=\"info-block-content\" style=\"box-sizing: border-box; display: flex; -webkit-box-orient: vertical; -webkit-box-direction: normal; flex-direction: column; -webkit-box-pack: center; justify-content: center;\"><div class=\"info-block-title\" style=\"box-sizing: border-box; font-family: Montserrat; font-weight: 700; text-transform: uppercase; margin-bottom: 3px;\">TR?N B? S?N PH?M</div><div class=\"info-block-text\" style=\"box-sizing: border-box; color: rgb(105, 105, 115);\"><ul style=\"padding-left: 30px; margin: 5px; box-sizing: border-box;\"><li style=\"box-sizing: border-box;\">Máy PS4 Slim 1TB</li><li style=\"box-sizing: border-box;\">Game FIFA 23 PS4</li><li style=\"box-sizing: border-box;\">Tay c?m DUALSHOCK</li><li style=\"box-sizing: border-box;\">Tai nghe</li><li style=\"box-sizing: border-box;\">Cáp USB</li><li style=\"box-sizing: border-box;\">Cáp HDMI</li><li style=\"box-sizing: border-box;\">Cáp ngu?n</li><li style=\"box-sizing: border-box;\">Sách h??ng d?n</li></ul></div></div></div></div></div></div></div></div></div></div></div></div><div class=\"product_extra product_blocks product_blocks-bottom\" style=\"box-sizing: border-box; color: rgb(51, 51, 51); font-family: &quot;Nunito Sans&quot;; font-size: 15px;\"><div class=\"product_extra-330\" style=\"box-sizing: border-box;\"><div class=\"block-body expand-block\" style=\"box-sizing: border-box; position: relative; height: 957.912px; transition: all 0.1s ease-in-out 0s; display: flex; -webkit-box-orient: vertical; -webkit-box-direction: normal; flex-flow: column wrap;\"><div class=\"block-wrapper\" style=\"box-sizing: border-box; -webkit-box-flex: 1; flex: 1 1 0%; display: flex; -webkit-box-orient: vertical; -webkit-box-direction: normal; flex-direction: column; width: 600px; border-radius: inherit;\"><div class=\"block-content expand-content block-expanded\" style=\"box-sizing: border-box; position: relative; border-radius: inherit; max-height: 400px; padding-bottom: 25px; overflow: hidden; column-count: initial; column-gap: 20px; column-rule-width: 1px; column-rule-style: solid; transition: all 0s ease 0s !important;\"><div id=\"tab-specification\" style=\"box-sizing: border-box;\"><div class=\"table-responsive\" style=\"box-sizing: border-box; min-height: 0.01%; overflow-x: auto; margin-bottom: 0px; border: 1px solid rgb(221, 221, 221);\"><table class=\"table table-bordered\" style=\"border-collapse: inherit; width: 538.55px; margin-top: 20px; margin-right: auto; margin-left: auto; border-top-width: 0px; border-right-width: 0px; border-bottom-width: 0px; padding: 10px; border-style: none !important; border-top-color: initial !important; border-right-color: initial !important; border-bottom-color: initial !important;\"><thead style=\"box-sizing: border-box;\"><tr style=\"box-sizing: border-box;\"><td colspan=\"2\" style=\"padding-right: 14px; padding-left: 14px; line-height: 1.42857; vertical-align: middle; border-right: 0px solid transparent; border-bottom: 1px solid transparent; border-left-width: 0px; border-left-color: transparent; box-sizing: border-box; font-size: 13px; font-weight: 700; text-transform: uppercase; background: rgb(238, 238, 238); border-image: initial; width: 518.55px;\"><span style=\"box-sizing: border-box;\">C?U HÌNH CHI TI?T</span></td></tr></thead><tbody style=\"box-sizing: border-box;\"><tr style=\"box-sizing: border-box;\"><td style=\"padding-right: 14px; padding-left: 14px; line-height: 1.42857; vertical-align: middle; border-width: 0px 0px 1px; border-right-style: solid; border-bottom-style: solid; border-color: transparent; box-sizing: border-box; border-image: initial; width: 114.075px;\">Mã s?n ph?m</td><td style=\"padding-right: 14px; padding-left: 14px; line-height: 1.42857; vertical-align: middle; border-top-width: 0px; border-right: 0px solid transparent; border-bottom: 1px solid transparent; border-top-color: transparent; border-left-color: transparent; box-sizing: border-box; border-image: initial;\">CUH-2218B series</td></tr><tr style=\"box-sizing: border-box;\"><td style=\"padding-right: 14px; padding-left: 14px; line-height: 1.42857; vertical-align: middle; border-width: 0px 0px 1px; border-right-style: solid; border-bottom-style: solid; border-color: transparent; box-sizing: border-box; border-image: initial; width: 114.075px;\">Chi ti?t CPU</td><td style=\"padding-right: 14px; padding-left: 14px; line-height: 1.42857; vertical-align: middle; border-top-width: 0px; border-right: 0px solid transparent; border-bottom: 1px solid transparent; border-top-color: transparent; border-left-color: transparent; box-sizing: border-box; border-image: initial;\">x86-64 AMD \"Jaguar\", 8 nhân</td></tr><tr style=\"box-sizing: border-box;\"><td style=\"padding-right: 14px; padding-left: 14px; line-height: 1.42857; vertical-align: middle; border-width: 0px 0px 1px; border-right-style: solid; border-bottom-style: solid; border-color: transparent; box-sizing: border-box; border-image: initial; width: 114.075px;\">GPU</td><td style=\"padding-right: 14px; padding-left: 14px; line-height: 1.42857; vertical-align: middle; border-top-width: 0px; border-right: 0px solid transparent; border-bottom: 1px solid transparent; border-top-color: transparent; border-left-color: transparent; box-sizing: border-box; border-image: initial;\">1.84 TFLOPS, ?? h?a n?n t?ng AMD Radeon</td></tr><tr style=\"box-sizing: border-box;\"><td style=\"padding-right: 14px; padding-left: 14px; line-height: 1.42857; vertical-align: middle; border-width: 0px 0px 1px; border-right-style: solid; border-bottom-style: solid; border-color: transparent; box-sizing: border-box; border-image: initial; width: 114.075px;\">RAM</td><td style=\"padding-right: 14px; padding-left: 14px; line-height: 1.42857; vertical-align: middle; border-top-width: 0px; border-right: 0px solid transparent; border-bottom: 1px solid transparent; border-top-color: transparent; border-left-color: transparent; box-sizing: border-box; border-image: initial;\">GDDR5 8GB</td></tr><tr style=\"box-sizing: border-box;\"><td style=\"padding-right: 14px; padding-left: 14px; line-height: 1.42857; vertical-align: middle; border-width: 0px; border-right-style: solid; border-bottom-style: solid; border-color: transparent; border-image: initial; box-sizing: border-box; width: 114.075px;\">B? nh? trong</td><td style=\"padding-right: 14px; padding-left: 14px; line-height: 1.42857; vertical-align: middle; border-top-width: 0px; border-right: 0px solid transparent; border-bottom: 0px solid transparent; border-top-color: transparent; border-left-color: transparent; box-sizing: border-box; border-image: initial;\">1TB</td></tr></tbody><thead style=\"box-sizing: border-box;\"><tr style=\"box-sizing: border-box;\"><td colspan=\"2\" style=\"padding-right: 14px; padding-left: 14px; line-height: 1.42857; vertical-align: middle; border-right: 0px solid transparent; border-bottom: 1px solid transparent; border-left-width: 0px; border-top-color: transparent; border-left-color: transparent; box-sizing: border-box; font-size: 13px; font-weight: 700; text-transform: uppercase; background: rgb(238, 238, 238); border-image: initial; width: 518.55px;\"><span style=\"box-sizing: border-box;\">K?T N?I D? LI?U</span></td></tr></thead><tbody style=\"box-sizing: border-box;\"><tr style=\"box-sizing: border-box;\"><td style=\"padding-right: 14px; padding-left: 14px; line-height: 1.42857; vertical-align: middle; border-width: 0px 0px 1px; border-right-style: solid; border-bottom-style: solid; border-color: transparent; box-sizing: border-box; border-image: initial; width: 114.075px;\">? ??a BD/DVD (ch? ??c)</td><td style=\"padding-right: 14px; padding-left: 14px; line-height: 1.42857; vertical-align: middle; border-top-width: 0px; border-right: 0px solid transparent; border-bottom: 1px solid transparent; border-top-color: transparent; border-left-color: transparent; box-sizing: border-box; border-image: initial;\">BD x 6 CAV, DVD x 8 CAV</td></tr><tr style=\"box-sizing: border-box;\"><td style=\"padding-right: 14px; padding-left: 14px; line-height: 1.42857; vertical-align: middle; border-width: 0px 0px 1px; border-right-style: solid; border-bottom-style: solid; border-color: transparent; box-sizing: border-box; border-image: initial; width: 114.075px;\">???ng vào / ra</td><td style=\"padding-right: 14px; padding-left: 14px; line-height: 1.42857; vertical-align: middle; border-top-width: 0px; border-right: 0px solid transparent; border-bottom: 1px solid transparent; border-top-color: transparent; border-left-color: transparent; box-sizing: border-box; border-image: initial;\">C?ng USB t?c ?? cao (USB 3.1 th? h? 1) x 2, C?ng AUX x 1</td></tr><tr style=\"box-sizing: border-box;\"><td style=\"padding-right: 14px; padding-left: 14px; line-height: 1.42857; vertical-align: middle; border-width: 0px 0px 1px; border-right-style: solid; border-bottom-style: solid; border-color: transparent; box-sizing: border-box; border-image: initial; width: 114.075px;\">C?ng ra AV</td><td style=\"padding-right: 14px; padding-left: 14px; line-height: 1.42857; vertical-align: middle; border-top-width: 0px; border-right: 0px solid transparent; border-bottom: 1px solid transparent; border-top-color: transparent; border-left-color: transparent; box-sizing: border-box; border-image: initial;\">HDMI out port (h? tr? 4K/HDR)</td></tr><tr style=\"box-sizing: border-box;\"><td style=\"padding-right: 14px; padding-left: 14px; line-height: 1.42857; vertical-align: middle; border-width: 0px; border-right-style: solid; border-bottom-style: solid; border-color: transparent; border-image: initial; box-sizing: border-box; width: 114.075px;\">K?t n?i m?ng</td><td style=\"padding-right: 14px; padding-left: 14px; line-height: 1.42857; vertical-align: middle; border-top-width: 0px; border-right: 0px solid transparent; border-bottom: 0px solid transparent; border-top-color: transparent; border-left-color: transparent; box-sizing: border-box; border-image: initial;\">Cáp m?ng Ethernet (10BASE-T, 100BASE-TX, 1000BASE-T)x1 Wi-Fi IEEE 802.11 a/b/g/n/</td></tr></tbody></table></div></div></div></div></div></div></div>', 'ps4.jpg', 'ps41.jpg', 'ps44.jpg', 0, 'In Stock', '2023-04-06 10:10:59', NULL),
(56, 6, 12, 'Valorant Project A Cosplay Jett Cosplay Shoes', 'Game Shoes', 40, 43, '<p style=\"box-sizing: border-box; padding: 0px; color: rgb(0, 0, 0); font-family: arial, helvetica, sans-serif; font-size: 12px; margin-bottom: 5px !important;\"><strong style=\"box-sizing: border-box; margin: 0px; padding: 0px;\">Brand</strong>:&nbsp;<span style=\"box-sizing: border-box; margin: 0px; padding: 0px; font-size: 14px;\">Rolecos</span></p><p style=\"box-sizing: border-box; padding: 0px; color: rgb(0, 0, 0); font-family: arial, helvetica, sans-serif; font-size: 12px; margin-bottom: 5px !important;\"><strong style=\"box-sizing: border-box; margin: 0px; padding: 0px;\">Source</strong>:<span style=\"box-sizing: border-box; margin: 0px; padding: 0px; font-size: 14px;\">&nbsp;Valorant</span></p><p style=\"box-sizing: border-box; padding: 0px; color: rgb(0, 0, 0); font-family: arial, helvetica, sans-serif; font-size: 12px; margin-bottom: 5px !important;\"><strong style=\"box-sizing: border-box; margin: 0px; padding: 0px;\">Character</strong>:<span style=\"box-sizing: border-box; margin: 0px; padding: 0px; font-size: 14px;\">&nbsp;Jett</span></p><p style=\"box-sizing: border-box; padding: 0px; color: rgb(0, 0, 0); font-family: arial, helvetica, sans-serif; font-size: 12px; margin-bottom: 5px !important;\"><strong style=\"box-sizing: border-box; margin: 0px; padding: 0px;\">Type</strong>:<span style=\"box-sizing: border-box; margin: 0px; padding: 0px; font-size: 14px;\">&nbsp;2020 New FPS Video Game</span></p><p style=\"box-sizing: border-box; padding: 0px; color: rgb(0, 0, 0); font-family: arial, helvetica, sans-serif; font-size: 12px; margin-bottom: 5px !important;\"><strong style=\"box-sizing: border-box; margin: 0px; padding: 0px;\">Included Items</strong>:&nbsp;<span style=\"box-sizing: border-box; margin: 0px; padding: 0px; font-size: 14px;\">Shoes</span></p><p style=\"box-sizing: border-box; padding: 0px; color: rgb(0, 0, 0); font-family: arial, helvetica, sans-serif; font-size: 12px; margin-bottom: 5px !important;\"><span style=\"box-sizing: border-box; margin: 0px; padding: 0px; font-size: 14px;\"><img alt=\"\" src=\"https://www.rolecosplay.com/media/wysiwyg/HTB1BndgnHsTMeJjSszdq6AEupXao.jpg\" style=\"vertical-align: top; box-sizing: border-box; margin: 0px; padding: 0px;\"></span></p>', 'game_valorant_project_a_cosplay_jett_cosplay_shoes_mian.jpg', '41Te-PnyrhL.jpg', '41oifRJ0myL.jpg', 50, 'In Stock', '2023-04-06 10:13:25', NULL),
(57, 6, 16, 'Hoodie Kazuha Genshin Impact', 'GOSU', 380, 400, '<div class=\"section-title\" style=\"margin: 0px 0px 16px; padding: 0px; border: 0px; align-items: baseline; display: flex; color: rgb(25, 25, 25); font-family: Skin-market-sans;\"><div class=\"section-title__title-container\" style=\"margin: 0px; padding: 0px; border: 0px; max-width: 75%;\"><h2 class=\"section-title__title\" id=\"ABOUT_THIS_ITEM0-0-1-1-title\" style=\"margin-bottom: 0px; font-family: Skin-market-sans; line-height: 32px; font-size: 1.5rem; padding: 0px; border: 0px;\"><span data-testid=\"ux-textual-display\" class=\"ux-layout-section-module__title\" style=\"margin: 0px; padding: 0px; border: 0px;\"><span class=\"ux-textspans\" style=\"margin-top: 0px; margin-right: 0px; margin-bottom: 0px; width: 139.3px; padding: 0px; border: 0px;\">Item specifics</span></span></h2></div></div><div data-testid=\"ux-layout-section\" class=\"ux-layout-section ux-layout-section--condition ux-layout-section--SECTION_WITH_BACKGROUND\" style=\"margin: 0px; padding: 2px 0px 0px; border: 0px; font-family: Skin-market-sans; color: rgb(51, 51, 51);\"><div data-testid=\"ux-layout-section__item\" class=\"ux-layout-section__item ux-layout-section__item-background ux-layout-section__item--table-view\" style=\"margin: 0px; padding: 2px 7px; border: 1px solid rgb(204, 204, 204); background-color: rgb(255, 254, 238); display: table; width: 1327.8px; border-collapse: collapse;\"><div class=\"ux-layout-section__row\" style=\"margin: 0px; padding: 0px; border: 0px; display: table-row;\"><div class=\"ux-labels-values__labels\" style=\"margin: 0px 12px 0px 0px; padding: 3px 10px 3px 7px; border: 0px; font-size: 0.8125rem; display: table-cell; box-sizing: border-box; word-break: break-word; vertical-align: top; white-space: nowrap;\"><div class=\"ux-labels-values__labels-content\" style=\"margin: 0px; padding: 0px; border: 0px; display: inline-block;\"><div style=\"margin: 0px; padding: 0px; border: 0px;\"><span class=\"ux-textspans\" style=\"margin-top: 0px; margin-right: 0px; margin-bottom: 0px; width: 55.625px; padding: 0px; border: 0px;\">Condition:</span></div></div></div><div class=\"ux-labels-values__values\" style=\"margin: 0px 0px 0px 12px; padding: 3px 10px 3px 7px; border: 0px; font-size: 0.8125rem; display: table-cell; box-sizing: border-box; word-break: break-word; vertical-align: top; width: 1234.45px;\"><div class=\"ux-labels-values__values-content\" style=\"margin: 0px; padding: 0px; border: 0px; display: inline-block; max-width: calc(100% - 8px);\"><div style=\"margin: 0px; padding: 0px; border: 0px;\"><span class=\"ux-textspans ux-textspans--BOLD\" style=\"margin-top: 0px; margin-right: 0px; margin-bottom: 0px; width: 100.387px; padding: 0px; border: 0px; font-weight: 700;\">New without tags:</span></div></div><span data-testid=\"ux-bubble-help\" class=\"ux-bubble-help\" style=\"margin: 0px; padding: 0px; border: 0px;\"><span style=\"margin: 0px; padding: 0px; border: 0px;\"><span style=\"margin: 0px; padding: 0px; border: 0px;\"><span class=\"infotip\" id=\"nid-a6z-6\" style=\"margin: 0px; padding: 0px; border: 0px; position: relative; display: inline-block;\"><button class=\"infotip__host icon-btn icon-btn--transparent\" type=\"button\" aria-label=\"More information about item condition\" aria-expanded=\"false\" aria-controls=\"ABOUT_THIS_ITEM0-0-1-4[0[0]]-6[0[@condition-0]]-16-1-ux-infotip-overlay\" style=\"vertical-align: text-bottom; font-family: Skin-market-sans; border-radius: 50px; width: 20px; height: 16px; border-width: 0px; border-style: initial; border-color: initial; padding: 0px; outline-offset: 2px; outline: 0px; flex-shrink: 0; min-width: 20px; overflow: visible;\"><svg class=\"icon icon--information-small\" focusable=\"false\" aria-hidden=\"true\"><use xlink:href=\"#icon-information-small\"></use></svg></button></span></span></span></span></div></div><div class=\"ux-layout-section__row\" style=\"margin: 0px; padding: 0px; border: 0px; display: table-row;\"><div class=\"ux-labels-values__labels\" style=\"margin: 0px 12px 0px 0px; padding: 3px 10px 3px 7px; border: 0px; font-size: 0.8125rem; display: table-cell; box-sizing: border-box; word-break: break-word; vertical-align: top; white-space: nowrap;\"><div class=\"ux-labels-values__labels-content\" style=\"margin: 0px; padding: 0px; border: 0px; display: inline-block;\"><div style=\"margin: 0px; padding: 0px; border: 0px;\"><span class=\"ux-textspans\" style=\"margin-top: 0px; margin-right: 0px; margin-bottom: 0px; width: 67.525px; padding: 0px; border: 0px;\">Seller Notes:</span></div></div></div><div class=\"ux-labels-values__values\" style=\"margin: 0px 0px 0px 12px; padding: 3px 10px 3px 7px; border: 0px; font-size: 0.8125rem; display: table-cell; box-sizing: border-box; word-break: break-word; vertical-align: top; width: 1234.45px;\"><div class=\"ux-labels-values__values-content\" style=\"margin: 0px; padding: 0px; border: 0px; display: inline-block; max-width: calc(100% - 8px);\"><div style=\"margin: 0px; padding: 0px; border: 0px;\"><span class=\"ux-textspans\" style=\"margin-top: 0px; margin-right: 0px; margin-bottom: 0px; width: 162.05px; padding: 0px; border: 0px;\">“Please refer to the size chart!”</span></div></div></div></div></div></div><div data-testid=\"ux-layout-section\" class=\"ux-layout-section ux-layout-section--features\" style=\"margin: 0px; padding: 0px; border: 0px; font-family: Skin-market-sans; color: rgb(51, 51, 51);\"><div data-testid=\"ux-layout-section__item\" class=\"ux-layout-section__item ux-layout-section__item--table-view\" style=\"margin: 0px; padding: 0px; border: 0px; display: table; width: 1341.8px; border-collapse: collapse;\"><div class=\"ux-layout-section__row\" style=\"margin: 0px; padding: 0px; border: 0px; display: table-row;\"><div class=\"ux-labels-values__labels\" style=\"margin: 0px 12px 0px 0px; padding: 3px 30px 3px 0px; border: 0px; font-size: 0.8125rem; display: table-cell; box-sizing: border-box; word-break: break-word; vertical-align: top; white-space: nowrap;\"><div class=\"ux-labels-values__labels-content\" style=\"margin: 0px; padding: 0px; border: 0px; display: inline-block;\"><div style=\"margin: 0px; padding: 0px; border: 0px;\"><span class=\"ux-textspans\" style=\"margin-top: 0px; margin-right: 0px; margin-bottom: 0px; width: 171.137px; padding: 0px; border: 0px;\">Country/Region of Manufacture:</span></div></div></div><div class=\"ux-labels-values__values\" style=\"margin: 0px 12px; padding: 3px 30px 3px 0px; border: 0px; font-size: 0.8125rem; display: table-cell; box-sizing: border-box; word-break: break-word; vertical-align: top; width: 491.388px;\"><div class=\"ux-labels-values__values-content\" style=\"margin: 0px; padding: 0px; border: 0px; display: inline-block; max-width: calc(100% - 8px);\"><div style=\"margin: 0px; padding: 0px; border: 0px;\"><span class=\"ux-textspans\" style=\"margin-top: 0px; margin-right: 0px; margin-bottom: 0px; width: 31.0625px; padding: 0px; border: 0px;\">China</span></div></div></div><div class=\"ux-labels-values__labels\" style=\"margin: 0px 12px; padding: 3px 30px 3px 0px; border: 0px; font-size: 0.8125rem; display: table-cell; box-sizing: border-box; word-break: break-word; vertical-align: top; white-space: nowrap;\"><div class=\"ux-labels-values__labels-content\" style=\"margin: 0px; padding: 0px; border: 0px; display: inline-block;\"><div style=\"margin: 0px; padding: 0px; border: 0px;\"><span class=\"ux-textspans\" style=\"margin-top: 0px; margin-right: 0px; margin-bottom: 0px; width: 35.3875px; padding: 0px; border: 0px;\">Brand:</span></div></div></div><div class=\"ux-labels-values__values\" style=\"margin: 0px 0px 0px 12px; padding: 3px 30px 3px 0px; border: 0px; font-size: 0.8125rem; display: table-cell; box-sizing: border-box; word-break: break-word; vertical-align: top; width: 491.4px;\"><div class=\"ux-labels-values__values-content\" style=\"margin: 0px; padding: 0px; border: 0px; display: inline-block; max-width: calc(100% - 8px);\"><span itemprop=\"brand\" itemscope=\"itemscope\" itemtype=\"http://schema.org/Brand\" style=\"margin: 0px; padding: 0px; border: 0px;\"><span itemprop=\"name\" style=\"margin: 0px; padding: 0px; border: 0px;\"><div style=\"margin: 0px; padding: 0px; border: 0px;\"><span class=\"ux-textspans\" style=\"margin-top: 0px; margin-right: 0px; margin-bottom: 0px; width: 57.7625px; padding: 0px; border: 0px;\">Unbranded</span></div></span></span></div></div></div><div class=\"ux-layout-section__row\" style=\"margin: 0px; padding: 0px; border: 0px; display: table-row;\"><div class=\"ux-labels-values__labels\" style=\"margin: 0px 12px 0px 0px; padding: 3px 30px 3px 0px; border: 0px; font-size: 0.8125rem; display: table-cell; box-sizing: border-box; word-break: break-word; vertical-align: top; white-space: nowrap;\"><div class=\"ux-labels-values__labels-content\" style=\"margin: 0px; padding: 0px; border: 0px; display: inline-block;\"><div style=\"margin: 0px; padding: 0px; border: 0px;\"><span class=\"ux-textspans\" style=\"margin-top: 0px; margin-right: 0px; margin-bottom: 0px; width: 30.3375px; padding: 0px; border: 0px;\">Style:</span></div></div></div><div class=\"ux-labels-values__values\" style=\"margin: 0px 12px; padding: 3px 30px 3px 0px; border: 0px; font-size: 0.8125rem; display: table-cell; box-sizing: border-box; word-break: break-word; vertical-align: top; width: 491.388px;\"><div class=\"ux-labels-values__values-content\" style=\"margin: 0px; padding: 0px; border: 0px; display: inline-block; max-width: calc(100% - 8px);\"><div style=\"margin: 0px; padding: 0px; border: 0px;\"><span class=\"ux-textspans\" style=\"margin-top: 0px; margin-right: 0px; margin-bottom: 0px; width: 29.6125px; padding: 0px; border: 0px;\">Dress</span></div></div></div><div class=\"ux-labels-values__labels\" style=\"margin: 0px 12px; padding: 3px 30px 3px 0px; border: 0px; font-size: 0.8125rem; display: table-cell; box-sizing: border-box; word-break: break-word; vertical-align: top; white-space: nowrap;\"><div class=\"ux-labels-values__labels-content\" style=\"margin: 0px; padding: 0px; border: 0px; display: inline-block;\"><div style=\"margin: 0px; padding: 0px; border: 0px;\"><span class=\"ux-textspans\" style=\"margin-top: 0px; margin-right: 0px; margin-bottom: 0px; width: 57.775px; padding: 0px; border: 0px;\">Packaging:</span></div></div></div><div class=\"ux-labels-values__values\" style=\"margin: 0px 0px 0px 12px; padding: 3px 30px 3px 0px; border: 0px; font-size: 0.8125rem; display: table-cell; box-sizing: border-box; word-break: break-word; vertical-align: top; width: 491.4px;\"><div class=\"ux-labels-values__values-content\" style=\"margin: 0px; padding: 0px; border: 0px; display: inline-block; max-width: calc(100% - 8px);\"><div style=\"margin: 0px; padding: 0px; border: 0px;\"><span class=\"ux-textspans\" style=\"margin-top: 0px; margin-right: 0px; margin-bottom: 0px; width: 108.662px; padding: 0px; border: 0px;\">Original (Unopened)</span></div></div></div></div><div class=\"ux-layout-section__row\" style=\"margin: 0px; padding: 0px; border: 0px; display: table-row;\"><div class=\"ux-labels-values__labels\" style=\"margin: 0px 12px 0px 0px; padding: 3px 30px 3px 0px; border: 0px; font-size: 0.8125rem; display: table-cell; box-sizing: border-box; word-break: break-word; vertical-align: top; white-space: nowrap;\"><div class=\"ux-labels-values__labels-content\" style=\"margin: 0px; padding: 0px; border: 0px; display: inline-block;\"><div style=\"margin: 0px; padding: 0px; border: 0px;\"><span class=\"ux-textspans\" style=\"margin-top: 0px; margin-right: 0px; margin-bottom: 0px; width: 31.8px; padding: 0px; border: 0px;\">MPN:</span></div></div></div><div class=\"ux-labels-values__values\" style=\"margin: 0px 12px; padding: 3px 30px 3px 0px; border: 0px; font-size: 0.8125rem; display: table-cell; box-sizing: border-box; word-break: break-word; vertical-align: top; width: 491.388px;\"><div class=\"ux-labels-values__values-content\" style=\"margin: 0px; padding: 0px; border: 0px; display: inline-block; max-width: calc(100% - 8px);\"><span itemprop=\"mpn\" style=\"margin: 0px; padding: 0px; border: 0px;\"><div style=\"margin: 0px; padding: 0px; border: 0px;\"><span class=\"ux-textspans\" style=\"margin-top: 0px; margin-right: 0px; margin-bottom: 0px; width: 78.7125px; padding: 0px; border: 0px;\">Does not apply</span></div></span></div></div><div class=\"ux-labels-values__labels\" style=\"margin: 0px 12px; padding: 3px 30px 3px 0px; border: 0px; font-size: 0.8125rem; display: table-cell; box-sizing: border-box; word-break: break-word; vertical-align: top; white-space: nowrap;\"><div class=\"ux-labels-values__labels-content\" style=\"margin: 0px; padding: 0px; border: 0px; display: inline-block;\"><div style=\"margin: 0px; padding: 0px; border: 0px;\"><span class=\"ux-textspans\" style=\"margin-top: 0px; margin-right: 0px; margin-bottom: 0px; width: 33.9375px; padding: 0px; border: 0px;\">Item#:</span></div></div></div><div class=\"ux-labels-values__values\" style=\"margin: 0px 0px 0px 12px; padding: 3px 30px 3px 0px; border: 0px; font-size: 0.8125rem; display: table-cell; box-sizing: border-box; word-break: break-word; vertical-align: top; width: 491.4px;\"><div class=\"ux-labels-values__values-content\" style=\"margin: 0px; padding: 0px; border: 0px; display: inline-block; max-width: calc(100% - 8px);\"><div style=\"margin: 0px; padding: 0px; border: 0px;\"><span class=\"ux-textspans\" style=\"margin-top: 0px; margin-right: 0px; margin-bottom: 0px; width: 53.4375px; padding: 0px; border: 0px;\">VIN-2731</span></div></div></div></div><div class=\"ux-layout-section__row\" style=\"margin: 0px; padding: 0px; border: 0px; display: table-row;\"><div class=\"ux-labels-values__labels\" style=\"margin: 0px 12px 0px 0px; padding: 3px 30px 3px 0px; border: 0px; font-size: 0.8125rem; display: table-cell; box-sizing: border-box; word-break: break-word; vertical-align: top; white-space: nowrap;\"><div class=\"ux-labels-values__labels-content\" style=\"margin: 0px; padding: 0px; border: 0px; display: inline-block;\"><div style=\"margin: 0px; padding: 0px; border: 0px;\"><span class=\"ux-textspans\" style=\"margin-top: 0px; margin-right: 0px; margin-bottom: 0px; width: 39.7125px; padding: 0px; border: 0px;\">Theme:</span></div></div></div><div class=\"ux-labels-values__values\" style=\"margin: 0px 12px; padding: 3px 30px 3px 0px; border: 0px; font-size: 0.8125rem; display: table-cell; box-sizing: border-box; word-break: break-word; vertical-align: top; width: 491.388px;\"><div class=\"ux-labels-values__values-content\" style=\"margin: 0px; padding: 0px; border: 0px; display: inline-block; max-width: calc(100% - 8px);\"><div style=\"margin: 0px; padding: 0px; border: 0px;\"><span class=\"ux-textspans\" style=\"margin-top: 0px; margin-right: 0px; margin-bottom: 0px; width: 35.3875px; padding: 0px; border: 0px;\">Anime</span></div></div></div><div class=\"ux-labels-values__labels\" style=\"margin: 0px 12px; padding: 3px 30px 3px 0px; border: 0px; font-size: 0.8125rem; display: table-cell; box-sizing: border-box; word-break: break-word; vertical-align: top; white-space: nowrap;\"><div class=\"ux-labels-values__labels-content\" style=\"margin: 0px; padding: 0px; border: 0px; display: inline-block;\"><div style=\"margin: 0px; padding: 0px; border: 0px;\"><span class=\"ux-textspans\" style=\"margin-top: 0px; margin-right: 0px; margin-bottom: 0px; width: 41.875px; padding: 0px; border: 0px;\">Gender:</span></div></div></div><div class=\"ux-labels-values__values\" style=\"margin: 0px 0px 0px 12px; padding: 3px 30px 3px 0px; border: 0px; font-size: 0.8125rem; display: table-cell; box-sizing: border-box; word-break: break-word; vertical-align: top; width: 491.4px;\"><div class=\"ux-labels-values__values-content\" style=\"margin: 0px; padding: 0px; border: 0px; display: inline-block; max-width: calc(100% - 8px);\"><div style=\"margin: 0px; padding: 0px; border: 0px;\"><span class=\"ux-textspans\" style=\"margin-top: 0px; margin-right: 0px; margin-bottom: 0px; width: 36.8375px; padding: 0px; border: 0px;\">Unisex</span></div></div></div></div><div class=\"ux-layout-section__row\" style=\"margin: 0px; padding: 0px; border: 0px; display: table-row;\"><div class=\"ux-labels-values__labels\" style=\"margin: 0px 12px 0px 0px; padding: 3px 30px 3px 0px; border: 0px; font-size: 0.8125rem; display: table-cell; box-sizing: border-box; word-break: break-word; vertical-align: top; white-space: nowrap;\"><div class=\"ux-labels-values__labels-content\" style=\"margin: 0px; padding: 0px; border: 0px; display: inline-block;\"><div style=\"margin: 0px; padding: 0px; border: 0px;\"><span class=\"ux-textspans\" style=\"margin-top: 0px; margin-right: 0px; margin-bottom: 0px; width: 54.8125px; padding: 0px; border: 0px;\">Size Type:</span></div></div></div><div class=\"ux-labels-values__values\" style=\"margin: 0px 12px; padding: 3px 30px 3px 0px; border: 0px; font-size: 0.8125rem; display: table-cell; box-sizing: border-box; word-break: break-word; vertical-align: top; width: 491.388px;\"><div class=\"ux-labels-values__values-content\" style=\"margin: 0px; padding: 0px; border: 0px; display: inline-block; max-width: calc(100% - 8px);\"><div style=\"margin: 0px; padding: 0px; border: 0px;\"><span class=\"ux-textspans\" style=\"margin-top: 0px; margin-right: 0px; margin-bottom: 0px; width: 41.1625px; padding: 0px; border: 0px;\">Regular</span></div></div></div><div class=\"ux-labels-values__labels\" style=\"margin: 0px 12px; padding: 3px 30px 3px 0px; border: 0px; font-size: 0.8125rem; display: table-cell; box-sizing: border-box; word-break: break-word; vertical-align: top; white-space: nowrap;\"><div class=\"ux-labels-values__labels-content\" style=\"margin: 0px; padding: 0px; border: 0px; display: inline-block;\"><div style=\"margin: 0px; padding: 0px; border: 0px;\"><span class=\"ux-textspans\" style=\"margin-top: 0px; margin-right: 0px; margin-bottom: 0px; width: 78.3375px; padding: 0px; border: 0px;\">Sleeve Length:</span></div></div></div><div class=\"ux-labels-values__values\" style=\"margin: 0px 0px 0px 12px; padding: 3px 30px 3px 0px; border: 0px; font-size: 0.8125rem; display: table-cell; box-sizing: border-box; word-break: break-word; vertical-align: top; width: 491.4px;\"><div class=\"ux-labels-values__values-content\" style=\"margin: 0px; padding: 0px; border: 0px; display: inline-block; max-width: calc(100% - 8px);\"><div style=\"margin: 0px; padding: 0px; border: 0px;\"><span class=\"ux-textspans\" style=\"margin-top: 0px; margin-right: 0px; margin-bottom: 0px; width: 70.4125px; padding: 0px; border: 0px;\">Long Sleeves</span></div></div></div></div><div class=\"ux-layout-section__row\" style=\"margin: 0px; padding: 0px; border: 0px; display: table-row;\"><div class=\"ux-labels-values__labels\" style=\"margin: 0px 12px 0px 0px; padding: 3px 30px 3px 0px; border: 0px; font-size: 0.8125rem; display: table-cell; box-sizing: border-box; word-break: break-word; vertical-align: top; white-space: nowrap;\"><div class=\"ux-labels-values__labels-content\" style=\"margin: 0px; padding: 0px; border: 0px; display: inline-block;\"><div style=\"margin: 0px; padding: 0px; border: 0px;\"><span class=\"ux-textspans\" style=\"margin-top: 0px; margin-right: 0px; margin-bottom: 0px; width: 47.65px; padding: 0px; border: 0px;\">Material:</span></div></div></div><div class=\"ux-labels-values__values\" style=\"margin: 0px 12px; padding: 3px 30px 3px 0px; border: 0px; font-size: 0.8125rem; display: table-cell; box-sizing: border-box; word-break: break-word; vertical-align: top; width: 491.388px;\"><div class=\"ux-labels-values__values-content\" style=\"margin: 0px; padding: 0px; border: 0px; display: inline-block; max-width: calc(100% - 8px);\"><div style=\"margin: 0px; padding: 0px; border: 0px;\"><span class=\"ux-textspans\" style=\"margin-top: 0px; margin-right: 0px; margin-bottom: 0px; width: 48.3875px; padding: 0px; border: 0px;\">Polyester</span></div></div></div><div class=\"ux-labels-values__labels\" style=\"margin: 0px 12px; padding: 3px 30px 3px 0px; border: 0px; font-size: 0.8125rem; display: table-cell; box-sizing: border-box; word-break: break-word; vertical-align: top; white-space: nowrap;\"><div class=\"ux-labels-values__labels-content\" style=\"margin: 0px; padding: 0px; border: 0px; display: inline-block;\"><div style=\"margin: 0px; padding: 0px; border: 0px;\"><span class=\"ux-textspans\" style=\"margin-top: 0px; margin-right: 0px; margin-bottom: 0px; width: 31.0625px; padding: 0px; border: 0px;\">ACG:</span></div></div></div><div class=\"ux-labels-values__values\" style=\"margin: 0px 0px 0px 12px; padding: 3px 30px 3px 0px; border: 0px; font-size: 0.8125rem; display: table-cell; box-sizing: border-box; word-break: break-word; vertical-align: top; width: 491.4px;\"><div class=\"ux-labels-values__values-content\" style=\"margin: 0px; padding: 0px; border: 0px; display: inline-block; max-width: calc(100% - 8px);\"><div style=\"margin: 0px; padding: 0px; border: 0px;\"><span class=\"ux-textspans\" style=\"margin-top: 0px; margin-right: 0px; margin-bottom: 0px; width: 82.675px; padding: 0px; border: 0px;\">Genshin Impact</span></div></div></div></div><div class=\"ux-layout-section__row\" style=\"margin: 0px; padding: 0px; border: 0px; display: table-row;\"><div class=\"ux-labels-values__labels\" style=\"margin: 0px 12px 0px 0px; padding: 3px 30px 3px 0px; border: 0px; font-size: 0.8125rem; display: table-cell; box-sizing: border-box; word-break: break-word; vertical-align: top; white-space: nowrap;\"><div class=\"ux-labels-values__labels-content\" style=\"margin: 0px; padding: 0px; border: 0px; display: inline-block;\"><div style=\"margin: 0px; padding: 0px; border: 0px;\"><span class=\"ux-textspans\" style=\"margin-top: 0px; margin-right: 0px; margin-bottom: 0px; width: 59.575px; padding: 0px; border: 0px;\">Role name:</span></div></div></div><div class=\"ux-labels-values__values\" style=\"margin: 0px 12px; padding: 3px 30px 3px 0px; border: 0px; font-size: 0.8125rem; display: table-cell; box-sizing: border-box; word-break: break-word; vertical-align: top; width: 491.388px;\"><div class=\"ux-labels-values__values-content\" style=\"margin: 0px; padding: 0px; border: 0px; display: inline-block; max-width: calc(100% - 8px);\"><div style=\"margin: 0px; padding: 0px; border: 0px;\"><span class=\"ux-textspans\" style=\"margin-top: 0px; margin-right: 0px; margin-bottom: 0px; width: 98.525px; padding: 0px; border: 0px;\">Kaedehara Kazuha</span></div></div></div><div class=\"ux-labels-values__labels\" style=\"margin: 0px 12px; padding: 3px 30px 3px 0px; border: 0px; font-size: 0.8125rem; display: table-cell; box-sizing: border-box; word-break: break-word; vertical-align: top; white-space: nowrap;\"><div class=\"ux-labels-values__labels-content\" style=\"margin: 0px; padding: 0px; border: 0px; display: inline-block;\"><div style=\"margin: 0px; padding: 0px; border: 0px;\"><span class=\"ux-textspans\" style=\"margin-top: 0px; margin-right: 0px; margin-bottom: 0px; width: 26px; padding: 0px; border: 0px;\">Size:</span></div></div></div><div class=\"ux-labels-values__values\" style=\"margin: 0px 0px 0px 12px; padding: 3px 30px 3px 0px; border: 0px; font-size: 0.8125rem; display: table-cell; box-sizing: border-box; word-break: break-word; vertical-align: top; width: 491.4px;\"><div class=\"ux-labels-values__values-content\" style=\"margin: 0px; padding: 0px; border: 0px; display: inline-block; max-width: calc(100% - 8px);\"><div style=\"margin: 0px; padding: 0px; border: 0px;\"><span class=\"ux-textspans\" style=\"text-align: center; margin-top: 0px; margin-right: 0px; margin-bottom: 0px; width: 47.675px; padding: 0px; border: 0px;\">XS-XXL</span></div></div></div></div></div></div>', 'kazuha.jpg', 'kaaaa.jpg', 'kazz.webp', 50, 'In Stock', '2023-04-06 10:15:00', NULL);
INSERT INTO `products` (`id`, `category`, `subCategory`, `productName`, `productCompany`, `productPrice`, `productPriceBeforeDiscount`, `productDescription`, `productImage1`, `productImage2`, `productImage3`, `shippingCharge`, `productAvailability`, `postingDate`, `updationDate`) VALUES
(58, 6, 16, 'Anime Genshin Impact Beelzebul Raiden Shogun Cosplay Hoodie Women Hooded Sweater', 'GOSU', 500, 560, '<div class=\"ux-layout-section__row\" style=\"margin: 0px; padding: 0px; border: 0px; display: table-row; font-family: Skin-market-sans; color: rgb(51, 51, 51);\"><div class=\"ux-labels-values__labels\" style=\"margin: 0px 12px 0px 0px; padding: 3px 30px 3px 0px; border: 0px; font-size: 0.8125rem; display: table-cell; box-sizing: border-box; word-break: break-word; vertical-align: top; white-space: nowrap;\"><div class=\"ux-labels-values__labels-content\" style=\"margin: 0px; padding: 0px; border: 0px; display: inline-block;\"><div style=\"margin: 0px; padding: 0px; border: 0px;\"><span class=\"ux-textspans\" style=\"margin-top: 0px; margin-right: 0px; margin-bottom: 0px; width: 55.625px; padding: 0px; border: 0px;\">Condition:</span></div></div></div><div class=\"ux-labels-values__values\" style=\"margin: 0px 12px; padding: 3px 30px 3px 0px; border: 0px; font-size: 0.8125rem; display: table-cell; box-sizing: border-box; word-break: break-word; vertical-align: top; width: 512.45px;\"><div class=\"ux-labels-values__values-content\" style=\"margin: 0px; padding: 0px; border: 0px; display: inline-block; max-width: calc(100% - 8px);\"><div style=\"margin: 0px; padding: 0px; border: 0px;\"><span class=\"ux-expandable-textual-display-block-inline\" style=\"margin: 0px; padding: 0px; border: 0px; max-width: 100%;\"><span data-testid=\"text\" style=\"margin: 0px; padding: 0px; border: 0px;\"><span class=\"ux-textspans\" style=\"margin-top: 0px; margin-right: 0px; margin-bottom: 0px; width: 54.5875px; padding: 0px; border: 0px;\">New with tags: A brand-new, unused, and unworn item (including handmade items) in the original ...&nbsp;</span></span><span class=\"ux-expandable-textual-display-block-inline__control\" data-testid=\"viewMore\" style=\"margin: 0px; padding: 0px; border: 0px; white-space: nowrap;\"><button class=\"fake-link fake-link--action\" data-testid=\"ux-action\" data-clientpresentationmetadata=\"{&quot;presentationType&quot;:&quot;EXPAND_INLINE&quot;}\" data-vi-tracking=\"{&quot;eventFamily&quot;:&quot;ITM&quot;,&quot;eventAction&quot;:&quot;ACTN&quot;,&quot;actionKind&quot;:&quot;CLICK&quot;,&quot;operationId&quot;:&quot;2047675&quot;,&quot;flushImmediately&quot;:false,&quot;eventProperty&quot;:{&quot;moduledtl&quot;:&quot;mi:3560|li:106744&quot;,&quot;sid&quot;:&quot;p2047675.m3560.l106744&quot;}}\" style=\"font-size: inherit; font-family: Skin-market-sans; border-width: 0px; border-style: initial; border-color: initial; padding: 0px; text-decoration-line: underline;\"><span class=\"ux-textspans\" style=\"margin-top: 0px; margin-right: 0px; margin-bottom: 0px; width: 56.675px; padding: 0px; border: 0px;\">Read more<span class=\"clipped\" style=\"margin: 0px; padding: 0px; border: 0px; clip: rect(1px, 1px, 1px, 1px); overflow: hidden; height: 1px; position: absolute; width: 1px;\">about the condition</span></span></button></span></span></div></div></div><div class=\"ux-labels-values__labels\" style=\"margin: 0px 12px; padding: 3px 30px 3px 0px; border: 0px; font-size: 0.8125rem; display: table-cell; box-sizing: border-box; word-break: break-word; vertical-align: top; white-space: nowrap;\"><div class=\"ux-labels-values__labels-content\" style=\"margin: 0px; padding: 0px; border: 0px; display: inline-block;\"><div style=\"margin: 0px; padding: 0px; border: 0px;\"><span class=\"ux-textspans\" style=\"margin-top: 0px; margin-right: 0px; margin-bottom: 0px; width: 29.425px; padding: 0px; border: 0px;\">Type:</span></div></div></div><div class=\"ux-labels-values__values\" style=\"margin: 0px 0px 0px 12px; padding: 3px 30px 3px 0px; border: 0px; font-size: 0.8125rem; display: table-cell; box-sizing: border-box; word-break: break-word; vertical-align: top; width: 496.638px;\"><div class=\"ux-labels-values__values-content\" style=\"margin: 0px; padding: 0px; border: 0px; display: inline-block; max-width: calc(100% - 8px);\"><div style=\"margin: 0px; padding: 0px; border: 0px;\"><span class=\"ux-textspans\" style=\"margin-top: 0px; margin-right: 0px; margin-bottom: 0px; width: 8.4625px; padding: 0px; border: 0px;\">Sweater</span></div></div></div></div><div class=\"ux-layout-section__row\" style=\"margin: 0px; padding: 0px; border: 0px; display: table-row; font-family: Skin-market-sans; color: rgb(51, 51, 51);\"><div class=\"ux-labels-values__labels\" style=\"margin: 0px 12px 0px 0px; padding: 3px 30px 3px 0px; border: 0px; font-size: 0.8125rem; display: table-cell; box-sizing: border-box; word-break: break-word; vertical-align: top; white-space: nowrap;\"><div class=\"ux-labels-values__labels-content\" style=\"margin: 0px; padding: 0px; border: 0px; display: inline-block;\"><div style=\"margin: 0px; padding: 0px; border: 0px;\"><span class=\"ux-textspans\" style=\"margin-top: 0px; margin-right: 0px; margin-bottom: 0px; width: 30.3375px; padding: 0px; border: 0px;\">Style:</span></div></div></div><div class=\"ux-labels-values__values\" style=\"margin: 0px 12px; padding: 3px 30px 3px 0px; border: 0px; font-size: 0.8125rem; display: table-cell; box-sizing: border-box; word-break: break-word; vertical-align: top; width: 512.45px;\"><div class=\"ux-labels-values__values-content\" style=\"margin: 0px; padding: 0px; border: 0px; display: inline-block; max-width: calc(100% - 8px);\"><div style=\"margin: 0px; padding: 0px; border: 0px;\"><span class=\"ux-textspans\" style=\"margin-top: 0px; margin-right: 0px; margin-bottom: 0px; width: 44.0625px; padding: 0px; border: 0px;\">Pullover</span></div></div></div><div class=\"ux-labels-values__labels\" style=\"margin: 0px 12px; padding: 3px 30px 3px 0px; border: 0px; font-size: 0.8125rem; display: table-cell; box-sizing: border-box; word-break: break-word; vertical-align: top; white-space: nowrap;\"><div class=\"ux-labels-values__labels-content\" style=\"margin: 0px; padding: 0px; border: 0px; display: inline-block;\"><div style=\"margin: 0px; padding: 0px; border: 0px;\"><span class=\"ux-textspans\" style=\"margin-top: 0px; margin-right: 0px; margin-bottom: 0px; width: 39.7125px; padding: 0px; border: 0px;\">Theme:</span></div></div></div><div class=\"ux-labels-values__values\" style=\"margin: 0px 0px 0px 12px; padding: 3px 30px 3px 0px; border: 0px; font-size: 0.8125rem; display: table-cell; box-sizing: border-box; word-break: break-word; vertical-align: top; width: 496.638px;\"><div class=\"ux-labels-values__values-content\" style=\"margin: 0px; padding: 0px; border: 0px; display: inline-block; max-width: calc(100% - 8px);\"><div style=\"margin: 0px; padding: 0px; border: 0px;\"><span class=\"ux-textspans\" style=\"margin-top: 0px; margin-right: 0px; margin-bottom: 0px; width: 8.4625px; padding: 0px; border: 0px;\">Anime</span></div></div></div></div><div class=\"ux-layout-section__row\" style=\"margin: 0px; padding: 0px; border: 0px; display: table-row; font-family: Skin-market-sans; color: rgb(51, 51, 51);\"><div class=\"ux-labels-values__labels\" style=\"margin: 0px 12px 0px 0px; padding: 3px 30px 3px 0px; border: 0px; font-size: 0.8125rem; display: table-cell; box-sizing: border-box; word-break: break-word; vertical-align: top; white-space: nowrap;\"><div class=\"ux-labels-values__labels-content\" style=\"margin: 0px; padding: 0px; border: 0px; display: inline-block;\"><div style=\"margin: 0px; padding: 0px; border: 0px;\"><span class=\"ux-textspans\" style=\"margin-top: 0px; margin-right: 0px; margin-bottom: 0px; width: 94.225px; padding: 0px; border: 0px;\">Character Family:</span></div></div></div><div class=\"ux-labels-values__values\" style=\"margin: 0px 12px; padding: 3px 30px 3px 0px; border: 0px; font-size: 0.8125rem; display: table-cell; box-sizing: border-box; word-break: break-word; vertical-align: top; width: 512.45px;\"><div class=\"ux-labels-values__values-content\" style=\"margin: 0px; padding: 0px; border: 0px; display: inline-block; max-width: calc(100% - 8px);\"><div style=\"margin: 0px; padding: 0px; border: 0px;\"><span class=\"ux-textspans\" style=\"margin-top: 0px; margin-right: 0px; margin-bottom: 0px; width: 54.5875px; padding: 0px; border: 0px;\">Genshin Impact</span></div></div></div><div class=\"ux-labels-values__labels\" style=\"margin: 0px 12px; padding: 3px 30px 3px 0px; border: 0px; font-size: 0.8125rem; display: table-cell; box-sizing: border-box; word-break: break-word; vertical-align: top; white-space: nowrap;\"><div class=\"ux-labels-values__labels-content\" style=\"margin: 0px; padding: 0px; border: 0px; display: inline-block;\"><div style=\"margin: 0px; padding: 0px; border: 0px;\"><span class=\"ux-textspans\" style=\"margin-top: 0px; margin-right: 0px; margin-bottom: 0px; width: 54.1375px; padding: 0px; border: 0px;\">Character:</span></div></div></div><div class=\"ux-labels-values__values\" style=\"margin: 0px 0px 0px 12px; padding: 3px 30px 3px 0px; border: 0px; font-size: 0.8125rem; display: table-cell; box-sizing: border-box; word-break: break-word; vertical-align: top; width: 496.638px;\"><div class=\"ux-labels-values__values-content\" style=\"margin: 0px; padding: 0px; border: 0px; display: inline-block; max-width: calc(100% - 8px);\"><div style=\"margin: 0px; padding: 0px; border: 0px;\"><span class=\"ux-textspans\" style=\"margin-top: 0px; margin-right: 0px; margin-bottom: 0px; width: 8.4625px; padding: 0px; border: 0px;\">Beelzebul</span></div></div></div></div><div class=\"ux-layout-section__row\" style=\"margin: 0px; padding: 0px; border: 0px; display: table-row; font-family: Skin-market-sans; color: rgb(51, 51, 51);\"><div class=\"ux-labels-values__labels\" style=\"margin: 0px 12px 0px 0px; padding: 3px 30px 3px 0px; border: 0px; font-size: 0.8125rem; display: table-cell; box-sizing: border-box; word-break: break-word; vertical-align: top; white-space: nowrap;\"><div class=\"ux-labels-values__labels-content\" style=\"margin: 0px; padding: 0px; border: 0px; display: inline-block;\"><div style=\"margin: 0px; padding: 0px; border: 0px;\"><span class=\"ux-textspans\" style=\"margin-top: 0px; margin-right: 0px; margin-bottom: 0px; width: 64.975px; padding: 0px; border: 0px;\">Department:</span></div></div></div><div class=\"ux-labels-values__values\" style=\"margin: 0px 12px; padding: 3px 30px 3px 0px; border: 0px; font-size: 0.8125rem; display: table-cell; box-sizing: border-box; word-break: break-word; vertical-align: top; width: 512.45px;\"><div class=\"ux-labels-values__values-content\" style=\"margin: 0px; padding: 0px; border: 0px; display: inline-block; max-width: calc(100% - 8px);\"><div style=\"margin: 0px; padding: 0px; border: 0px;\"><span class=\"ux-textspans\" style=\"margin-top: 0px; margin-right: 0px; margin-bottom: 0px; width: 40.1125px; padding: 0px; border: 0px;\">Women</span></div></div></div><div class=\"ux-labels-values__labels\" style=\"margin: 0px 12px; padding: 3px 30px 3px 0px; border: 0px; font-size: 0.8125rem; display: table-cell; box-sizing: border-box; word-break: break-word; vertical-align: top; white-space: nowrap;\"><div class=\"ux-labels-values__labels-content\" style=\"margin: 0px; padding: 0px; border: 0px; display: inline-block;\"><div style=\"margin: 0px; padding: 0px; border: 0px;\"><span class=\"ux-textspans\" style=\"margin-top: 0px; margin-right: 0px; margin-bottom: 0px; width: 54.8125px; padding: 0px; border: 0px;\">Size Type:</span></div></div></div><div class=\"ux-labels-values__values\" style=\"margin: 0px 0px 0px 12px; padding: 3px 30px 3px 0px; border: 0px; font-size: 0.8125rem; display: table-cell; box-sizing: border-box; word-break: break-word; vertical-align: top; width: 496.638px;\"><div class=\"ux-labels-values__values-content\" style=\"margin: 0px; padding: 0px; border: 0px; display: inline-block; max-width: calc(100% - 8px);\"><div style=\"margin: 0px; padding: 0px; border: 0px;\"><span class=\"ux-textspans\" style=\"margin-top: 0px; margin-right: 0px; margin-bottom: 0px; width: 8.4625px; padding: 0px; border: 0px;\">Regular</span></div></div></div></div><div class=\"ux-layout-section__row\" style=\"margin: 0px; padding: 0px; border: 0px; display: table-row; font-family: Skin-market-sans; color: rgb(51, 51, 51);\"><div class=\"ux-labels-values__labels\" style=\"margin: 0px 12px 0px 0px; padding: 3px 30px 3px 0px; border: 0px; font-size: 0.8125rem; display: table-cell; box-sizing: border-box; word-break: break-word; vertical-align: top; white-space: nowrap;\"><div class=\"ux-labels-values__labels-content\" style=\"margin: 0px; padding: 0px; border: 0px; display: inline-block;\"><div style=\"margin: 0px; padding: 0px; border: 0px;\"><span class=\"ux-textspans\" style=\"margin-top: 0px; margin-right: 0px; margin-bottom: 0px; width: 78.3375px; padding: 0px; border: 0px;\">Sleeve Length:</span></div></div></div><div class=\"ux-labels-values__values\" style=\"margin: 0px 12px; padding: 3px 30px 3px 0px; border: 0px; font-size: 0.8125rem; display: table-cell; box-sizing: border-box; word-break: break-word; vertical-align: top; width: 512.45px;\"><div class=\"ux-labels-values__values-content\" style=\"margin: 0px; padding: 0px; border: 0px; display: inline-block; max-width: calc(100% - 8px);\"><div style=\"margin: 0px; padding: 0px; border: 0px;\"><span class=\"ux-textspans\" style=\"margin-top: 0px; margin-right: 0px; margin-bottom: 0px; width: 54.5875px; padding: 0px; border: 0px;\">Long Sleeve</span></div></div></div><div class=\"ux-labels-values__labels\" style=\"margin: 0px 12px; padding: 3px 30px 3px 0px; border: 0px; font-size: 0.8125rem; display: table-cell; box-sizing: border-box; word-break: break-word; vertical-align: top; white-space: nowrap;\"><div class=\"ux-labels-values__labels-content\" style=\"margin: 0px; padding: 0px; border: 0px; display: inline-block;\"><div style=\"margin: 0px; padding: 0px; border: 0px;\"><span class=\"ux-textspans\" style=\"margin-top: 0px; margin-right: 0px; margin-bottom: 0px; width: 50.5375px; padding: 0px; border: 0px;\">Neckline:</span></div></div></div><div class=\"ux-labels-values__values\" style=\"margin: 0px 0px 0px 12px; padding: 3px 30px 3px 0px; border: 0px; font-size: 0.8125rem; display: table-cell; box-sizing: border-box; word-break: break-word; vertical-align: top; width: 496.638px;\"><div class=\"ux-labels-values__values-content\" style=\"margin: 0px; padding: 0px; border: 0px; display: inline-block; max-width: calc(100% - 8px);\"><div style=\"margin: 0px; padding: 0px; border: 0px;\"><span class=\"ux-textspans\" style=\"margin-top: 0px; margin-right: 0px; margin-bottom: 0px; width: 8.4625px; padding: 0px; border: 0px;\">Round Neck</span></div></div></div></div><div class=\"ux-layout-section__row\" style=\"margin: 0px; padding: 0px; border: 0px; display: table-row; font-family: Skin-market-sans; color: rgb(51, 51, 51);\"><div class=\"ux-labels-values__labels\" style=\"margin: 0px 12px 0px 0px; padding: 3px 30px 3px 0px; border: 0px; font-size: 0.8125rem; display: table-cell; box-sizing: border-box; word-break: break-word; vertical-align: top; white-space: nowrap;\"><div class=\"ux-labels-values__labels-content\" style=\"margin: 0px; padding: 0px; border: 0px; display: inline-block;\"><div style=\"margin: 0px; padding: 0px; border: 0px;\"><span class=\"ux-textspans\" style=\"margin-top: 0px; margin-right: 0px; margin-bottom: 0px; width: 47.6625px; padding: 0px; border: 0px;\">Features:</span></div></div></div><div class=\"ux-labels-values__values\" style=\"margin: 0px 12px; padding: 3px 30px 3px 0px; border: 0px; font-size: 0.8125rem; display: table-cell; box-sizing: border-box; word-break: break-word; vertical-align: top; width: 512.45px;\"><div class=\"ux-labels-values__values-content\" style=\"margin: 0px; padding: 0px; border: 0px; display: inline-block; max-width: calc(100% - 8px);\"><div style=\"margin: 0px; padding: 0px; border: 0px;\"><span class=\"ux-textspans\" style=\"margin-top: 0px; margin-right: 0px; margin-bottom: 0px; width: 40.45px; padding: 0px; border: 0px;\">Pockets</span></div></div></div><div class=\"ux-labels-values__labels\" style=\"margin: 0px 12px; padding: 3px 30px 3px 0px; border: 0px; font-size: 0.8125rem; display: table-cell; box-sizing: border-box; word-break: break-word; vertical-align: top; white-space: nowrap;\"><div class=\"ux-labels-values__labels-content\" style=\"margin: 0px; padding: 0px; border: 0px; display: inline-block;\"><div style=\"margin: 0px; padding: 0px; border: 0px;\"><span class=\"ux-textspans\" style=\"margin-top: 0px; margin-right: 0px; margin-bottom: 0px; width: 40.45px; padding: 0px; border: 0px;\">Season:</span></div></div></div><div class=\"ux-labels-values__values\" style=\"margin: 0px 0px 0px 12px; padding: 3px 30px 3px 0px; border: 0px; font-size: 0.8125rem; display: table-cell; box-sizing: border-box; word-break: break-word; vertical-align: top; width: 496.638px;\"><div class=\"ux-labels-values__values-content\" style=\"margin: 0px; padding: 0px; border: 0px; display: inline-block; max-width: calc(100% - 8px);\"><div style=\"margin: 0px; padding: 0px; border: 0px;\"><span class=\"ux-textspans\" style=\"margin-top: 0px; margin-right: 0px; margin-bottom: 0px; width: 8.4625px; padding: 0px; border: 0px;\">Fall, Spring</span></div></div></div></div><div class=\"ux-layout-section__row\" style=\"margin: 0px; padding: 0px; border: 0px; display: table-row; font-family: Skin-market-sans; color: rgb(51, 51, 51);\"><div class=\"ux-labels-values__labels\" style=\"margin: 0px 12px 0px 0px; padding: 3px 30px 3px 0px; border: 0px; font-size: 0.8125rem; display: table-cell; box-sizing: border-box; word-break: break-word; vertical-align: top; white-space: nowrap;\"><div class=\"ux-labels-values__labels-content\" style=\"margin: 0px; padding: 0px; border: 0px; display: inline-block;\"><div style=\"margin: 0px; padding: 0px; border: 0px;\"><span class=\"ux-textspans\" style=\"margin-top: 0px; margin-right: 0px; margin-bottom: 0px; width: 31.8px; padding: 0px; border: 0px;\">MPN:</span></div></div></div><div class=\"ux-labels-values__values\" style=\"margin: 0px 12px; padding: 3px 30px 3px 0px; border: 0px; font-size: 0.8125rem; display: table-cell; box-sizing: border-box; word-break: break-word; vertical-align: top; width: 512.45px;\"><div class=\"ux-labels-values__values-content\" style=\"margin: 0px; padding: 0px; border: 0px; display: inline-block; max-width: calc(100% - 8px);\"><span itemprop=\"mpn\" style=\"margin: 0px; padding: 0px; border: 0px;\"><div style=\"margin: 0px; padding: 0px; border: 0px;\"><span class=\"ux-textspans\" style=\"margin-top: 0px; margin-right: 0px; margin-bottom: 0px; width: 54.5875px; padding: 0px; border: 0px;\">Does Not Apply</span></div></span></div></div><div class=\"ux-labels-values__labels\" style=\"margin: 0px 12px; padding: 3px 30px 3px 0px; border: 0px; font-size: 0.8125rem; display: table-cell; box-sizing: border-box; word-break: break-word; vertical-align: top; white-space: nowrap;\"><div class=\"ux-labels-values__labels-content\" style=\"margin: 0px; padding: 0px; border: 0px; display: inline-block;\"><div style=\"margin: 0px; padding: 0px; border: 0px;\"><span class=\"ux-textspans\" style=\"margin-top: 0px; margin-right: 0px; margin-bottom: 0px; width: 51.9875px; padding: 0px; border: 0px;\">Occasion:</span></div></div></div><div class=\"ux-labels-values__values\" style=\"margin: 0px 0px 0px 12px; padding: 3px 30px 3px 0px; border: 0px; font-size: 0.8125rem; display: table-cell; box-sizing: border-box; word-break: break-word; vertical-align: top; width: 496.638px;\"><div class=\"ux-labels-values__values-content\" style=\"margin: 0px; padding: 0px; border: 0px; display: inline-block; max-width: calc(100% - 8px);\"><div style=\"margin: 0px; padding: 0px; border: 0px;\"><span class=\"ux-textspans\" style=\"margin-top: 0px; margin-right: 0px; margin-bottom: 0px; width: 8.4625px; padding: 0px; border: 0px;\">Cosplay</span></div></div></div></div><div class=\"ux-layout-section__row\" style=\"margin: 0px; padding: 0px; border: 0px; display: table-row; font-family: Skin-market-sans; color: rgb(51, 51, 51);\"><div class=\"ux-labels-values__labels\" style=\"margin: 0px 12px 0px 0px; padding: 3px 30px 3px 0px; border: 0px; font-size: 0.8125rem; display: table-cell; box-sizing: border-box; word-break: break-word; vertical-align: top; white-space: nowrap;\"><div class=\"ux-labels-values__labels-content\" style=\"margin: 0px; padding: 0px; border: 0px; display: inline-block;\"><div style=\"margin: 0px; padding: 0px; border: 0px;\"><span class=\"ux-textspans\" style=\"margin-top: 0px; margin-right: 0px; margin-bottom: 0px; width: 171.137px; padding: 0px; border: 0px;\">Country/Region of Manufacture:</span></div></div></div><div class=\"ux-labels-values__values\" style=\"margin: 0px 12px; padding: 3px 30px 3px 0px; border: 0px; font-size: 0.8125rem; display: table-cell; box-sizing: border-box; word-break: break-word; vertical-align: top; width: 512.45px;\"><div class=\"ux-labels-values__values-content\" style=\"margin: 0px; padding: 0px; border: 0px; display: inline-block; max-width: calc(100% - 8px);\"><div style=\"margin: 0px; padding: 0px; border: 0px;\"><span class=\"ux-textspans\" style=\"margin-top: 0px; margin-right: 0px; margin-bottom: 0px; width: 31.0625px; padding: 0px; border: 0px;\">China</span></div></div></div><div class=\"ux-labels-values__labels\" style=\"margin: 0px 12px; padding: 3px 30px 3px 0px; border: 0px; font-size: 0.8125rem; display: table-cell; box-sizing: border-box; word-break: break-word; vertical-align: top; white-space: nowrap;\"><div class=\"ux-labels-values__labels-content\" style=\"margin: 0px; padding: 0px; border: 0px; display: inline-block;\"><div style=\"margin: 0px; padding: 0px; border: 0px;\"><span class=\"ux-textspans\" style=\"margin-top: 0px; margin-right: 0px; margin-bottom: 0px; width: 35.3875px; padding: 0px; border: 0px;\">Brand:</span></div></div></div><div class=\"ux-labels-values__values\" style=\"margin: 0px 0px 0px 12px; padding: 3px 30px 3px 0px; border: 0px; font-size: 0.8125rem; display: table-cell; box-sizing: border-box; word-break: break-word; vertical-align: top; width: 496.638px;\"><div class=\"ux-labels-values__values-content\" style=\"margin: 0px; padding: 0px; border: 0px; display: inline-block; max-width: calc(100% - 8px);\"><span itemprop=\"brand\" itemscope=\"itemscope\" itemtype=\"http://schema.org/Brand\" style=\"margin: 0px; padding: 0px; border: 0px;\"><span itemprop=\"name\" style=\"margin: 0px; padding: 0px; border: 0px;\"><div style=\"margin: 0px; padding: 0px; border: 0px;\"><span class=\"ux-textspans\" style=\"margin-top: 0px; margin-right: 0px; margin-bottom: 0px; width: 8.4625px; padding: 0px; border: 0px;\">Unbranded</span></div></span></span></div></div></div>', 's-l1600.jpg', 's-l1600 (1).jpg', 's-l1600 (2).jpg', 50, 'In Stock', '2023-04-06 10:16:16', NULL),
(59, 6, 16, 'Anime Genshin Impact Zhong Li Cosplay Men Women Zip Casual Hoodie Jacket Coats', 'GOSU', 1400, 1700, '<div class=\"ux-layout-section__row\" style=\"margin: 0px; padding: 0px; border: 0px; display: table-row; font-family: Skin-market-sans; color: rgb(51, 51, 51);\"><div class=\"ux-labels-values__labels\" style=\"margin: 0px 12px 0px 0px; padding: 3px 30px 3px 0px; border: 0px; font-size: 0.8125rem; display: table-cell; box-sizing: border-box; word-break: break-word; vertical-align: top; white-space: nowrap;\"><div class=\"ux-labels-values__labels-content\" style=\"margin: 0px; padding: 0px; border: 0px; display: inline-block;\"><div style=\"margin: 0px; padding: 0px; border: 0px;\"><span class=\"ux-textspans\" style=\"margin-top: 0px; margin-right: 0px; margin-bottom: 0px; width: 55.625px; padding: 0px; border: 0px;\">Condition:</span></div></div></div><div class=\"ux-labels-values__values\" style=\"margin: 0px 12px; padding: 3px 30px 3px 0px; border: 0px; font-size: 0.8125rem; display: table-cell; box-sizing: border-box; word-break: break-word; vertical-align: top; width: 499.925px;\"><div class=\"ux-labels-values__values-content\" style=\"margin: 0px; padding: 0px; border: 0px; display: inline-block; max-width: calc(100% - 8px);\"><div style=\"margin: 0px; padding: 0px; border: 0px;\"><span class=\"ux-expandable-textual-display-block-inline\" style=\"margin: 0px; padding: 0px; border: 0px; max-width: 100%;\"><span data-testid=\"text\" style=\"margin: 0px; padding: 0px; border: 0px;\"><span class=\"ux-textspans\" style=\"margin-top: 0px; margin-right: 0px; margin-bottom: 0px; width: 94.4875px; padding: 0px; border: 0px;\">New with tags: A brand-new, unused, and unworn item (including handmade items) in the original ...&nbsp;</span></span><span class=\"ux-expandable-textual-display-block-inline__control\" data-testid=\"viewMore\" style=\"margin: 0px; padding: 0px; border: 0px; white-space: nowrap;\"><button class=\"fake-link fake-link--action\" data-testid=\"ux-action\" data-clientpresentationmetadata=\"{&quot;presentationType&quot;:&quot;EXPAND_INLINE&quot;}\" data-vi-tracking=\"{&quot;eventFamily&quot;:&quot;ITM&quot;,&quot;eventAction&quot;:&quot;ACTN&quot;,&quot;actionKind&quot;:&quot;CLICK&quot;,&quot;operationId&quot;:&quot;2047675&quot;,&quot;flushImmediately&quot;:false,&quot;eventProperty&quot;:{&quot;moduledtl&quot;:&quot;mi:3560|li:106744&quot;,&quot;sid&quot;:&quot;p2047675.m3560.l106744&quot;}}\" style=\"font-size: inherit; font-family: Skin-market-sans; border-width: 0px; border-style: initial; border-color: initial; padding: 0px; text-decoration-line: underline;\"><span class=\"ux-textspans\" style=\"margin-top: 0px; margin-right: 0px; margin-bottom: 0px; width: 56.675px; padding: 0px; border: 0px;\">Read more<span class=\"clipped\" style=\"margin: 0px; padding: 0px; border: 0px; clip: rect(1px, 1px, 1px, 1px); overflow: hidden; height: 1px; position: absolute; width: 1px;\">about the condition</span></span></button></span></span></div></div></div><div class=\"ux-labels-values__labels\" style=\"margin: 0px 12px; padding: 3px 30px 3px 0px; border: 0px; font-size: 0.8125rem; display: table-cell; box-sizing: border-box; word-break: break-word; vertical-align: top; white-space: nowrap;\"><div class=\"ux-labels-values__labels-content\" style=\"margin: 0px; padding: 0px; border: 0px; display: inline-block;\"><div style=\"margin: 0px; padding: 0px; border: 0px;\"><span class=\"ux-textspans\" style=\"margin-top: 0px; margin-right: 0px; margin-bottom: 0px; width: 35.3875px; padding: 0px; border: 0px;\">Brand:</span></div></div></div><div class=\"ux-labels-values__values\" style=\"margin: 0px 0px 0px 12px; padding: 3px 30px 3px 0px; border: 0px; font-size: 0.8125rem; display: table-cell; box-sizing: border-box; word-break: break-word; vertical-align: top; width: 482.862px;\"><div class=\"ux-labels-values__values-content\" style=\"margin: 0px; padding: 0px; border: 0px; display: inline-block; max-width: calc(100% - 8px);\"><span itemprop=\"brand\" itemscope=\"itemscope\" itemtype=\"http://schema.org/Brand\" style=\"margin: 0px; padding: 0px; border: 0px;\"><span itemprop=\"name\" style=\"margin: 0px; padding: 0px; border: 0px;\"><div style=\"margin: 0px; padding: 0px; border: 0px;\"><span class=\"ux-textspans\" style=\"margin-top: 0px; margin-right: 0px; margin-bottom: 0px; width: 51.2px; padding: 0px; border: 0px;\">Unbranded</span></div></span></span></div></div></div><div class=\"ux-layout-section__row\" style=\"margin: 0px; padding: 0px; border: 0px; display: table-row; font-family: Skin-market-sans; color: rgb(51, 51, 51);\"><div class=\"ux-labels-values__labels\" style=\"margin: 0px 12px 0px 0px; padding: 3px 30px 3px 0px; border: 0px; font-size: 0.8125rem; display: table-cell; box-sizing: border-box; word-break: break-word; vertical-align: top; white-space: nowrap;\"><div class=\"ux-labels-values__labels-content\" style=\"margin: 0px; padding: 0px; border: 0px; display: inline-block;\"><div style=\"margin: 0px; padding: 0px; border: 0px;\"><span class=\"ux-textspans\" style=\"margin-top: 0px; margin-right: 0px; margin-bottom: 0px; width: 29.425px; padding: 0px; border: 0px;\">Type:</span></div></div></div><div class=\"ux-labels-values__values\" style=\"margin: 0px 12px; padding: 3px 30px 3px 0px; border: 0px; font-size: 0.8125rem; display: table-cell; box-sizing: border-box; word-break: break-word; vertical-align: top; width: 499.925px;\"><div class=\"ux-labels-values__values-content\" style=\"margin: 0px; padding: 0px; border: 0px; display: inline-block; max-width: calc(100% - 8px);\"><div style=\"margin: 0px; padding: 0px; border: 0px;\"><span class=\"ux-textspans\" style=\"margin-top: 0px; margin-right: 0px; margin-bottom: 0px; width: 54.8875px; padding: 0px; border: 0px;\">Sweatshirt</span></div></div></div><div class=\"ux-labels-values__labels\" style=\"margin: 0px 12px; padding: 3px 30px 3px 0px; border: 0px; font-size: 0.8125rem; display: table-cell; box-sizing: border-box; word-break: break-word; vertical-align: top; white-space: nowrap;\"><div class=\"ux-labels-values__labels-content\" style=\"margin: 0px; padding: 0px; border: 0px; display: inline-block;\"><div style=\"margin: 0px; padding: 0px; border: 0px;\"><span class=\"ux-textspans\" style=\"margin-top: 0px; margin-right: 0px; margin-bottom: 0px; width: 54.8125px; padding: 0px; border: 0px;\">Size Type:</span></div></div></div><div class=\"ux-labels-values__values\" style=\"margin: 0px 0px 0px 12px; padding: 3px 30px 3px 0px; border: 0px; font-size: 0.8125rem; display: table-cell; box-sizing: border-box; word-break: break-word; vertical-align: top; width: 482.862px;\"><div class=\"ux-labels-values__values-content\" style=\"margin: 0px; padding: 0px; border: 0px; display: inline-block; max-width: calc(100% - 8px);\"><div style=\"margin: 0px; padding: 0px; border: 0px;\"><span class=\"ux-textspans\" style=\"margin-top: 0px; margin-right: 0px; margin-bottom: 0px; width: 41.1625px; padding: 0px; border: 0px;\">Regular</span></div></div></div></div><div class=\"ux-layout-section__row\" style=\"margin: 0px; padding: 0px; border: 0px; display: table-row; font-family: Skin-market-sans; color: rgb(51, 51, 51);\"><div class=\"ux-labels-values__labels\" style=\"margin: 0px 12px 0px 0px; padding: 3px 30px 3px 0px; border: 0px; font-size: 0.8125rem; display: table-cell; box-sizing: border-box; word-break: break-word; vertical-align: top; white-space: nowrap;\"><div class=\"ux-labels-values__labels-content\" style=\"margin: 0px; padding: 0px; border: 0px; display: inline-block;\"><div style=\"margin: 0px; padding: 0px; border: 0px;\"><span class=\"ux-textspans\" style=\"margin-top: 0px; margin-right: 0px; margin-bottom: 0px; width: 33.225px; padding: 0px; border: 0px;\">Color:</span></div></div></div><div class=\"ux-labels-values__values\" style=\"margin: 0px 12px; padding: 3px 30px 3px 0px; border: 0px; font-size: 0.8125rem; display: table-cell; box-sizing: border-box; word-break: break-word; vertical-align: top; width: 499.925px;\"><div class=\"ux-labels-values__values-content\" style=\"margin: 0px; padding: 0px; border: 0px; display: inline-block; max-width: calc(100% - 8px);\"><span itemprop=\"color\" style=\"margin: 0px; padding: 0px; border: 0px;\"><div style=\"margin: 0px; padding: 0px; border: 0px;\"><span class=\"ux-textspans\" style=\"margin-top: 0px; margin-right: 0px; margin-bottom: 0px; width: 30.325px; padding: 0px; border: 0px;\">Black</span></div></span></div></div><div class=\"ux-labels-values__labels\" style=\"margin: 0px 12px; padding: 3px 30px 3px 0px; border: 0px; font-size: 0.8125rem; display: table-cell; box-sizing: border-box; word-break: break-word; vertical-align: top; white-space: nowrap;\"><div class=\"ux-labels-values__labels-content\" style=\"margin: 0px; padding: 0px; border: 0px; display: inline-block;\"><div style=\"margin: 0px; padding: 0px; border: 0px;\"><span class=\"ux-textspans\" style=\"margin-top: 0px; margin-right: 0px; margin-bottom: 0px; width: 30.3375px; padding: 0px; border: 0px;\">Style:</span></div></div></div><div class=\"ux-labels-values__values\" style=\"margin: 0px 0px 0px 12px; padding: 3px 30px 3px 0px; border: 0px; font-size: 0.8125rem; display: table-cell; box-sizing: border-box; word-break: break-word; vertical-align: top; width: 482.862px;\"><div class=\"ux-labels-values__values-content\" style=\"margin: 0px; padding: 0px; border: 0px; display: inline-block; max-width: calc(100% - 8px);\"><div style=\"margin: 0px; padding: 0px; border: 0px;\"><span class=\"ux-textspans\" style=\"margin-top: 0px; margin-right: 0px; margin-bottom: 0px; width: 42.2625px; padding: 0px; border: 0px;\">Full Zip</span></div></div></div></div><div class=\"ux-layout-section__row\" style=\"margin: 0px; padding: 0px; border: 0px; display: table-row; font-family: Skin-market-sans; color: rgb(51, 51, 51);\"><div class=\"ux-labels-values__labels\" style=\"margin: 0px 12px 0px 0px; padding: 3px 30px 3px 0px; border: 0px; font-size: 0.8125rem; display: table-cell; box-sizing: border-box; word-break: break-word; vertical-align: top; white-space: nowrap;\"><div class=\"ux-labels-values__labels-content\" style=\"margin: 0px; padding: 0px; border: 0px; display: inline-block;\"><div style=\"margin: 0px; padding: 0px; border: 0px;\"><span class=\"ux-textspans\" style=\"margin-top: 0px; margin-right: 0px; margin-bottom: 0px; width: 64.975px; padding: 0px; border: 0px;\">Department:</span></div></div></div><div class=\"ux-labels-values__values\" style=\"margin: 0px 12px; padding: 3px 30px 3px 0px; border: 0px; font-size: 0.8125rem; display: table-cell; box-sizing: border-box; word-break: break-word; vertical-align: top; width: 499.925px;\"><div class=\"ux-labels-values__values-content\" style=\"margin: 0px; padding: 0px; border: 0px; display: inline-block; max-width: calc(100% - 8px);\"><div style=\"margin: 0px; padding: 0px; border: 0px;\"><span class=\"ux-textspans\" style=\"margin-top: 0px; margin-right: 0px; margin-bottom: 0px; width: 74.0375px; padding: 0px; border: 0px;\">Unisex Adults</span></div></div></div><div class=\"ux-labels-values__labels\" style=\"margin: 0px 12px; padding: 3px 30px 3px 0px; border: 0px; font-size: 0.8125rem; display: table-cell; box-sizing: border-box; word-break: break-word; vertical-align: top; white-space: nowrap;\"><div class=\"ux-labels-values__labels-content\" style=\"margin: 0px; padding: 0px; border: 0px; display: inline-block;\"><div style=\"margin: 0px; padding: 0px; border: 0px;\"><span class=\"ux-textspans\" style=\"margin-top: 0px; margin-right: 0px; margin-bottom: 0px; width: 39.7125px; padding: 0px; border: 0px;\">Theme:</span></div></div></div><div class=\"ux-labels-values__values\" style=\"margin: 0px 0px 0px 12px; padding: 3px 30px 3px 0px; border: 0px; font-size: 0.8125rem; display: table-cell; box-sizing: border-box; word-break: break-word; vertical-align: top; width: 482.862px;\"><div class=\"ux-labels-values__values-content\" style=\"margin: 0px; padding: 0px; border: 0px; display: inline-block; max-width: calc(100% - 8px);\"><div style=\"margin: 0px; padding: 0px; border: 0px;\"><span class=\"ux-textspans\" style=\"margin-top: 0px; margin-right: 0px; margin-bottom: 0px; width: 35.3875px; padding: 0px; border: 0px;\">Anime</span></div></div></div></div><div class=\"ux-layout-section__row\" style=\"margin: 0px; padding: 0px; border: 0px; display: table-row; font-family: Skin-market-sans; color: rgb(51, 51, 51);\"><div class=\"ux-labels-values__labels\" style=\"margin: 0px 12px 0px 0px; padding: 3px 30px 3px 0px; border: 0px; font-size: 0.8125rem; display: table-cell; box-sizing: border-box; word-break: break-word; vertical-align: top; white-space: nowrap;\"><div class=\"ux-labels-values__labels-content\" style=\"margin: 0px; padding: 0px; border: 0px; display: inline-block;\"><div style=\"margin: 0px; padding: 0px; border: 0px;\"><span class=\"ux-textspans\" style=\"margin-top: 0px; margin-right: 0px; margin-bottom: 0px; width: 47.6625px; padding: 0px; border: 0px;\">Features:</span></div></div></div><div class=\"ux-labels-values__values\" style=\"margin: 0px 12px; padding: 3px 30px 3px 0px; border: 0px; font-size: 0.8125rem; display: table-cell; box-sizing: border-box; word-break: break-word; vertical-align: top; width: 499.925px;\"><div class=\"ux-labels-values__values-content\" style=\"margin: 0px; padding: 0px; border: 0px; display: inline-block; max-width: calc(100% - 8px);\"><div style=\"margin: 0px; padding: 0px; border: 0px;\"><span class=\"ux-textspans\" style=\"margin-top: 0px; margin-right: 0px; margin-bottom: 0px; width: 37.925px; padding: 0px; border: 0px;\">1/2 Zip</span></div></div></div><div class=\"ux-labels-values__labels\" style=\"margin: 0px 12px; padding: 3px 30px 3px 0px; border: 0px; font-size: 0.8125rem; display: table-cell; box-sizing: border-box; word-break: break-word; vertical-align: top; white-space: nowrap;\"><div class=\"ux-labels-values__labels-content\" style=\"margin: 0px; padding: 0px; border: 0px; display: inline-block;\"><div style=\"margin: 0px; padding: 0px; border: 0px;\"><span class=\"ux-textspans\" style=\"margin-top: 0px; margin-right: 0px; margin-bottom: 0px; width: 50.5375px; padding: 0px; border: 0px;\">Neckline:</span></div></div></div><div class=\"ux-labels-values__values\" style=\"margin: 0px 0px 0px 12px; padding: 3px 30px 3px 0px; border: 0px; font-size: 0.8125rem; display: table-cell; box-sizing: border-box; word-break: break-word; vertical-align: top; width: 482.862px;\"><div class=\"ux-labels-values__values-content\" style=\"margin: 0px; padding: 0px; border: 0px; display: inline-block; max-width: calc(100% - 8px);\"><div style=\"margin: 0px; padding: 0px; border: 0px;\"><span class=\"ux-textspans\" style=\"margin-top: 0px; margin-right: 0px; margin-bottom: 0px; width: 44.775px; padding: 0px; border: 0px;\">Collared</span></div></div></div></div><div class=\"ux-layout-section__row\" style=\"margin: 0px; padding: 0px; border: 0px; display: table-row; font-family: Skin-market-sans; color: rgb(51, 51, 51);\"><div class=\"ux-labels-values__labels\" style=\"margin: 0px 12px 0px 0px; padding: 3px 30px 3px 0px; border: 0px; font-size: 0.8125rem; display: table-cell; box-sizing: border-box; word-break: break-word; vertical-align: top; white-space: nowrap;\"><div class=\"ux-labels-values__labels-content\" style=\"margin: 0px; padding: 0px; border: 0px; display: inline-block;\"><div style=\"margin: 0px; padding: 0px; border: 0px;\"><span class=\"ux-textspans\" style=\"margin-top: 0px; margin-right: 0px; margin-bottom: 0px; width: 40.45px; padding: 0px; border: 0px;\">Season:</span></div></div></div><div class=\"ux-labels-values__values\" style=\"margin: 0px 12px; padding: 3px 30px 3px 0px; border: 0px; font-size: 0.8125rem; display: table-cell; box-sizing: border-box; word-break: break-word; vertical-align: top; width: 499.925px;\"><div class=\"ux-labels-values__values-content\" style=\"margin: 0px; padding: 0px; border: 0px; display: inline-block; max-width: calc(100% - 8px);\"><div style=\"margin: 0px; padding: 0px; border: 0px;\"><span class=\"ux-textspans\" style=\"margin-top: 0px; margin-right: 0px; margin-bottom: 0px; width: 20.225px; padding: 0px; border: 0px;\">Fall</span></div></div></div><div class=\"ux-labels-values__labels\" style=\"margin: 0px 12px; padding: 3px 30px 3px 0px; border: 0px; font-size: 0.8125rem; display: table-cell; box-sizing: border-box; word-break: break-word; vertical-align: top; white-space: nowrap;\"><div class=\"ux-labels-values__labels-content\" style=\"margin: 0px; padding: 0px; border: 0px; display: inline-block;\"><div style=\"margin: 0px; padding: 0px; border: 0px;\"><span class=\"ux-textspans\" style=\"margin-top: 0px; margin-right: 0px; margin-bottom: 0px; width: 47.65px; padding: 0px; border: 0px;\">Material:</span></div></div></div><div class=\"ux-labels-values__values\" style=\"margin: 0px 0px 0px 12px; padding: 3px 30px 3px 0px; border: 0px; font-size: 0.8125rem; display: table-cell; box-sizing: border-box; word-break: break-word; vertical-align: top; width: 482.862px;\"><div class=\"ux-labels-values__values-content\" style=\"margin: 0px; padding: 0px; border: 0px; display: inline-block; max-width: calc(100% - 8px);\"><div style=\"margin: 0px; padding: 0px; border: 0px;\"><span class=\"ux-textspans\" style=\"margin-top: 0px; margin-right: 0px; margin-bottom: 0px; width: 48.3875px; padding: 0px; border: 0px;\">Polyester</span></div></div></div></div><div class=\"ux-layout-section__row\" style=\"margin: 0px; padding: 0px; border: 0px; display: table-row; font-family: Skin-market-sans; color: rgb(51, 51, 51);\"><div class=\"ux-labels-values__labels\" style=\"margin: 0px 12px 0px 0px; padding: 3px 30px 3px 0px; border: 0px; font-size: 0.8125rem; display: table-cell; box-sizing: border-box; word-break: break-word; vertical-align: top; white-space: nowrap;\"><div class=\"ux-labels-values__labels-content\" style=\"margin: 0px; padding: 0px; border: 0px; display: inline-block;\"><div style=\"margin: 0px; padding: 0px; border: 0px;\"><span class=\"ux-textspans\" style=\"margin-top: 0px; margin-right: 0px; margin-bottom: 0px; width: 54.1375px; padding: 0px; border: 0px;\">Character:</span></div></div></div><div class=\"ux-labels-values__values\" style=\"margin: 0px 12px; padding: 3px 30px 3px 0px; border: 0px; font-size: 0.8125rem; display: table-cell; box-sizing: border-box; word-break: break-word; vertical-align: top; width: 499.925px;\"><div class=\"ux-labels-values__values-content\" style=\"margin: 0px; padding: 0px; border: 0px; display: inline-block; max-width: calc(100% - 8px);\"><div style=\"margin: 0px; padding: 0px; border: 0px;\"><span class=\"ux-textspans\" style=\"margin-top: 0px; margin-right: 0px; margin-bottom: 0px; width: 82.675px; padding: 0px; border: 0px;\">Genshin Impact</span></div></div></div><div class=\"ux-labels-values__labels\" style=\"margin: 0px 12px; padding: 3px 30px 3px 0px; border: 0px; font-size: 0.8125rem; display: table-cell; box-sizing: border-box; word-break: break-word; vertical-align: top; white-space: nowrap;\"><div class=\"ux-labels-values__labels-content\" style=\"margin: 0px; padding: 0px; border: 0px; display: inline-block;\"><div style=\"margin: 0px; padding: 0px; border: 0px;\"><span class=\"ux-textspans\" style=\"margin-top: 0px; margin-right: 0px; margin-bottom: 0px; width: 78.3375px; padding: 0px; border: 0px;\">Sleeve Length:</span></div></div></div><div class=\"ux-labels-values__values\" style=\"margin: 0px 0px 0px 12px; padding: 3px 30px 3px 0px; border: 0px; font-size: 0.8125rem; display: table-cell; box-sizing: border-box; word-break: break-word; vertical-align: top; width: 482.862px;\"><div class=\"ux-labels-values__values-content\" style=\"margin: 0px; padding: 0px; border: 0px; display: inline-block; max-width: calc(100% - 8px);\"><div style=\"margin: 0px; padding: 0px; border: 0px;\"><span class=\"ux-textspans\" style=\"margin-top: 0px; margin-right: 0px; margin-bottom: 0px; width: 51.2px; padding: 0px; border: 0px;\">Long Sleeve</span></div></div></div></div>', 's-l1600 (3).jpg', 's-l1600 (4).jpg', 's-l1600 (5).jpg', 0, 'In Stock', '2023-04-06 10:17:24', NULL),
(60, 7, 14, 'PUBG: BATTLEGROUNDS', 'KRAFTON', 100, 340, '<div class=\"game_area_sys_req_leftCol\" style=\"padding: 0px; margin: 0px; float: left; width: 300px; color: rgb(172, 178, 184); font-family: &quot;Motiva Sans&quot;, sans-serif; font-size: 12px; background-color: rgb(27, 40, 56);\"><ul style=\"margin-bottom: 0px; margin-left: 0px; list-style-type: none; list-style-position: inside; line-height: 18px;\"><span style=\"padding: 0px; margin: 0px 4px 0px 0px; font-family: Arial, Helvetica, sans-serif; font-size: 10px; color: rgb(188, 198, 205); text-transform: uppercase; display: inline-block;\">MINIMUM:</span><br style=\"padding: 0px; margin: 0px;\"><ul class=\"bb_ul\" style=\"margin-left: 0px; list-style-type: none; list-style-position: inside; line-height: 18px;\"><li style=\"padding: 0px; margin: 2px 0px; list-style-position: outside;\">Requires a 64-bit processor and operating system<br style=\"padding: 0px; margin: 0px;\"></li><li style=\"padding: 0px; margin: 2px 0px; list-style-position: outside;\"><span style=\"padding: 0px; margin: 0px 4px 2px 0px; font-family: Arial, Helvetica, sans-serif; color: rgb(97, 104, 109); display: inline-block;\">OS:</span>&nbsp;64-bit Windows 10<br style=\"padding: 0px; margin: 0px;\"></li><li style=\"padding: 0px; margin: 2px 0px; list-style-position: outside;\"><span style=\"padding: 0px; margin: 0px 4px 2px 0px; font-family: Arial, Helvetica, sans-serif; color: rgb(97, 104, 109); display: inline-block;\">Processor:</span>&nbsp;Intel Core i5-4430 / AMD FX-6300<br style=\"padding: 0px; margin: 0px;\"></li><li style=\"padding: 0px; margin: 2px 0px; list-style-position: outside;\"><span style=\"padding: 0px; margin: 0px 4px 2px 0px; font-family: Arial, Helvetica, sans-serif; color: rgb(97, 104, 109); display: inline-block;\">Memory:</span>&nbsp;8 GB RAM<br style=\"padding: 0px; margin: 0px;\"></li><li style=\"padding: 0px; margin: 2px 0px; list-style-position: outside;\"><span style=\"padding: 0px; margin: 0px 4px 2px 0px; font-family: Arial, Helvetica, sans-serif; color: rgb(97, 104, 109); display: inline-block;\">Graphics:</span>&nbsp;NVIDIA GeForce GTX 960 2GB / AMD Radeon R7 370 2GB<br style=\"padding: 0px; margin: 0px;\"></li><li style=\"padding: 0px; margin: 2px 0px; list-style-position: outside;\"><span style=\"padding: 0px; margin: 0px 4px 2px 0px; font-family: Arial, Helvetica, sans-serif; color: rgb(97, 104, 109); display: inline-block;\">DirectX:</span>&nbsp;Version 11<br style=\"padding: 0px; margin: 0px;\"></li><li style=\"padding: 0px; margin: 2px 0px; list-style-position: outside;\"><span style=\"padding: 0px; margin: 0px 4px 2px 0px; font-family: Arial, Helvetica, sans-serif; color: rgb(97, 104, 109); display: inline-block;\">Network:</span>&nbsp;Broadband Internet connection<br style=\"padding: 0px; margin: 0px;\"></li><li style=\"padding: 0px; margin: 2px 0px; list-style-position: outside;\"><span style=\"padding: 0px; margin: 0px 4px 2px 0px; font-family: Arial, Helvetica, sans-serif; color: rgb(97, 104, 109); display: inline-block;\">Storage:</span>&nbsp;40 GB available space</li></ul></ul></div><div class=\"game_area_sys_req_rightCol\" style=\"padding: 0px; margin: 0px 0px 0px 8px; float: left; width: 300px; color: rgb(172, 178, 184); font-family: &quot;Motiva Sans&quot;, sans-serif; font-size: 12px; background-color: rgb(27, 40, 56);\"><ul style=\"margin-bottom: 0px; margin-left: 0px; list-style-type: none; list-style-position: inside; line-height: 18px;\"><span style=\"padding: 0px; margin: 0px 4px 0px 0px; font-family: Arial, Helvetica, sans-serif; font-size: 10px; color: rgb(188, 198, 205); text-transform: uppercase; display: inline-block;\">RECOMMENDED:</span><br style=\"padding: 0px; margin: 0px;\"><ul class=\"bb_ul\" style=\"margin-left: 0px; list-style-type: none; list-style-position: inside; line-height: 18px;\"><li style=\"padding: 0px; margin: 2px 0px; list-style-position: outside;\">Requires a 64-bit processor and operating system<br style=\"padding: 0px; margin: 0px;\"></li><li style=\"padding: 0px; margin: 2px 0px; list-style-position: outside;\"><span style=\"padding: 0px; margin: 0px 4px 2px 0px; font-family: Arial, Helvetica, sans-serif; color: rgb(97, 104, 109); display: inline-block;\">OS:</span>&nbsp;64-bit Windows 10<br style=\"padding: 0px; margin: 0px;\"></li><li style=\"padding: 0px; margin: 2px 0px; list-style-position: outside;\"><span style=\"padding: 0px; margin: 0px 4px 2px 0px; font-family: Arial, Helvetica, sans-serif; color: rgb(97, 104, 109); display: inline-block;\">Processor:</span>&nbsp;Intel Core i5-6600K / AMD Ryzen 5 1600<br style=\"padding: 0px; margin: 0px;\"></li><li style=\"padding: 0px; margin: 2px 0px; list-style-position: outside;\"><span style=\"padding: 0px; margin: 0px 4px 2px 0px; font-family: Arial, Helvetica, sans-serif; color: rgb(97, 104, 109); display: inline-block;\">Memory:</span>&nbsp;16 GB RAM<br style=\"padding: 0px; margin: 0px;\"></li><li style=\"padding: 0px; margin: 2px 0px; list-style-position: outside;\"><span style=\"padding: 0px; margin: 0px 4px 2px 0px; font-family: Arial, Helvetica, sans-serif; color: rgb(97, 104, 109); display: inline-block;\">Graphics:</span>&nbsp;NVIDIA GeForce GTX 1060 3GB / AMD Radeon RX 580 4GB<br style=\"padding: 0px; margin: 0px;\"></li><li style=\"padding: 0px; margin: 2px 0px; list-style-position: outside;\"><span style=\"padding: 0px; margin: 0px 4px 2px 0px; font-family: Arial, Helvetica, sans-serif; color: rgb(97, 104, 109); display: inline-block;\">DirectX:</span>&nbsp;Version 11<br style=\"padding: 0px; margin: 0px;\"></li><li style=\"padding: 0px; margin: 2px 0px; list-style-position: outside;\"><span style=\"padding: 0px; margin: 0px 4px 2px 0px; font-family: Arial, Helvetica, sans-serif; color: rgb(97, 104, 109); display: inline-block;\">Network:</span>&nbsp;Broadband Internet connection<br style=\"padding: 0px; margin: 0px;\"></li><li style=\"padding: 0px; margin: 2px 0px; list-style-position: outside;\"><span style=\"padding: 0px; margin: 0px 4px 2px 0px; font-family: Arial, Helvetica, sans-serif; color: rgb(97, 104, 109); display: inline-block;\">Storage:</span>&nbsp;50 GB available space</li></ul></ul></div>', 'PUBG-ratbt.png', 'ss_23af2e59855a833c22d0c11ca23a719f54a554ff.600x338.jpg', 'ss_2c79b3b590b186b10bf082d37674621f204a3497.600x338.jpg', 50, 'In Stock', '2023-04-06 10:19:19', NULL);
INSERT INTO `products` (`id`, `category`, `subCategory`, `productName`, `productCompany`, `productPrice`, `productPriceBeforeDiscount`, `productDescription`, `productImage1`, `productImage2`, `productImage3`, `shippingCharge`, `productAvailability`, `postingDate`, `updationDate`) VALUES
(61, 7, 15, 'Elden Ring', 'FromSoftware', 1800, 2000, '<div>THE NEW FANTASY ACTION RPG.</div><div>Rise, Tarnished, and be guided by grace to brandish the power of the Elden Ring and become an Elden Lord in the Lands Between.</div><div>• A Vast World Full of Excitement</div><div>A vast world where open fields with a variety of situations and huge dungeons with complex and three-dimensional designs are seamlessly connected. As you explore, the joy of discovering unknown and overwhelming threats await you, leading to a high sense of accomplishment.</div><div>• Create your Own Character</div><div>In addition to customizing the appearance of your character, you can freely combine the weapons, armor, and magic that you equip. You can develop your character according to your play style, such as increasing your muscle strength to become a strong warrior, or mastering magic.</div><div>• An Epic Drama Born from a Myth</div><div>A multilayered story told in fragments. An epic drama in which the various thoughts of the characters intersect in the Lands Between.</div><div>• Unique Online Play that Loosely Connects You to Others</div><div>In addition to multiplayer, where you can directly connect with other players and travel together, the game supports a unique asynchronous online element that allows you to feel the presence of others.</div><div>MATURE CONTENT DESCRIPTION</div><div>The developers describe the content like this:</div><div><br></div><div>This Game may contain content not appropriate for all ages, or may not be appropriate for viewing at work: Frequent Violence or Gore, General Mature Content</div>', '517ycY6AcCL._SX357_BO1,204,203,200_.jpg', 'header.jpg', 'ss_b70e156adf9e40aed24c10fb352b7813586e7290.600x338.jpg', 70, 'In Stock', '2023-04-06 10:22:20', NULL),
(62, 7, 15, 'Wizarad Of Legends', 'Pixil', 380, 400, '<div>Wizard of Legend is a fast paced dungeon crawler with rogue-like elements that emphasizes dynamic magical combat. Quick movement and even quicker use of spells will allow you to chain spells together to unleash devastating combinations against your enemies!</div><div>Gameplay</div><div>Battle your way through each challenge by defeating powerful conjured enemies! Collect valuable spells and relics and build up your magical arsenal to fit your playstyle! Achieve mastery over magic by chaining spells together to create devastating combinations! Face and defeat council members in magical combat to become a Wizard of Legend!</div>', '1.jpg', 't?i xu?ng.jpg', 'images.png', 50, 'In Stock', '2023-04-06 10:23:48', NULL),
(63, 7, 15, 'Sekiro™: Shadows Twice - GOTY Edition', 'FromSoftware', 1600, 1700, '<div>This Game of the Year Edition now includes bonus content*:</div><div><br></div><div>- Reflection and Gauntlet of Strength - new boss challenge modes</div><div>- Remnants - leave messages and recordings of your actions that other players can view and rate</div><div>- 3 unlockable cosmetic skins</div><div><br></div><div>Game of the Year - The Game Awards 2019</div><div>Best Action Game of 2019 - IGN</div><div>Over 50 awards and nominations</div>', 'se.jpg', 'se1.jpg', 'se12.jpg', 50, 'In Stock', '2023-04-06 10:25:35', NULL),
(64, 7, 14, 'Call of Duty®: Black Ops III', 'Activision, Aspyr (Mac)', 1600, 1900, '<div>Call of Duty®: Black Ops III Zombies Chronicles Edition includes the full base game and the Zombies Chronicles content expansion.</div><div><br></div><div>Call of Duty: Black Ops III combines three unique game modes: Campaign, Multiplayer, and Gombies, providing fans with the deepest and most ambitious Call of Duty ever.</div><div><br></div>', '12.jpg', 'caa.jpg', 'caaaa.jpg', 50, 'In Stock', '2023-04-06 10:29:01', NULL),
(65, 7, 14, 'Tainted Grail: The Fall of Avalon', 'FPSSSSS', 180, 240, '<span style=\"color: rgb(198, 212, 223); font-family: Arial, Helvetica, sans-serif;\">Step into a dark reimagination of Arthurian legends in this first person, open world RPG. Explore a world stuck in everlasting autumn, witness falling legends and make meaningful choices woven into a complex, branching storyline.</span><br>', 'header (1).jpg', 'ss_3393336c34499f568e2ce890f25672d5bdf0cd43.600x338.jpg', 'ss_3aec1455923ef49f4e777c2a94dbcd0256f77eb0.600x338.jpg', 0, 'In Stock', '2023-04-06 10:31:27', NULL),
(66, 5, 9, 'Elden Ring', 'FromSoftware (Author)', 1600, 1700, 'ádad', 'photo-1589487391730-58f20eb2c308.jpg', 'photo-1589487391730-58f20eb2c308.jpg', '', 50, 'In Stock', '2023-04-13 08:11:00', NULL);

-- --------------------------------------------------------

--
-- Cấu trúc bảng cho bảng `subcategory`
--

CREATE TABLE `subcategory` (
  `id` int(11) NOT NULL,
  `categoryid` int(11) DEFAULT NULL,
  `subcategory` varchar(255) DEFAULT NULL,
  `creationDate` timestamp NULL DEFAULT current_timestamp(),
  `updationDate` varchar(255) DEFAULT NULL
) ENGINE=InnoDB DEFAULT CHARSET=latin1 COLLATE=latin1_swedish_ci;

--
-- Đang đổ dữ liệu cho bảng `subcategory`
--

INSERT INTO `subcategory` (`id`, `categoryid`, `subcategory`, `creationDate`, `updationDate`) VALUES
(8, 3, 'Comics', '2017-02-04 04:13:54', ''),
(9, 5, 'PS5', '2017-02-04 04:36:45', '30-03-2023 09:28:49 PM'),
(10, 5, 'PS4', '2017-02-04 04:37:02', '30-03-2023 09:28:57 PM'),
(12, 6, 'Footwears', '2017-03-10 20:12:59', '30-03-2023 09:15:29 PM'),
(13, 3, 'Art Book', '2023-03-30 15:45:41', NULL),
(14, 7, 'FPS', '2023-03-30 16:22:39', NULL),
(15, 7, 'Soul-likes', '2023-03-30 16:28:09', NULL),
(16, 6, 'Hoodie', '2023-03-30 17:08:41', NULL);

-- --------------------------------------------------------

--
-- Cấu trúc bảng cho bảng `userlog`
--

CREATE TABLE `userlog` (
  `id` int(11) NOT NULL,
  `userEmail` varchar(255) DEFAULT NULL,
  `userip` binary(16) DEFAULT NULL,
  `loginTime` timestamp NULL DEFAULT current_timestamp(),
  `logout` varchar(255) DEFAULT NULL,
  `status` int(11) DEFAULT NULL
) ENGINE=InnoDB DEFAULT CHARSET=latin1 COLLATE=latin1_swedish_ci;

--
-- Đang đổ dữ liệu cho bảng `userlog`
--

INSERT INTO `userlog` (`id`, `userEmail`, `userip`, `loginTime`, `logout`, `status`) VALUES
(24, 'gosuzero2002@gmail.com', 0x3a3a3100000000000000000000000000, '2023-03-30 18:21:11', NULL, 0),
(25, 'gosuzero2002@gmail.com', 0x3a3a3100000000000000000000000000, '2023-03-30 18:21:22', NULL, 0),
(26, 'gosuzero2002@gmail.com', 0x3a3a3100000000000000000000000000, '2023-03-30 18:21:50', NULL, 1),
(27, 'minhtai893@gmail.com', 0x3a3a3100000000000000000000000000, '2023-04-06 10:53:16', NULL, 1),
(28, 'minhtai893@gmail.com', 0x3a3a3100000000000000000000000000, '2023-04-06 15:27:12', '06-04-2023 08:58:03 PM', 1),
(29, 'amthien@gmail.com', 0x3a3a3100000000000000000000000000, '2023-04-06 15:29:30', '06-04-2023 09:00:13 PM', 1),
(30, 'minhtai893@gmail.com', 0x3a3a3100000000000000000000000000, '2023-04-06 15:31:36', '06-04-2023 09:05:41 PM', 1),
(31, 'gosuzero2002@gmail.com', 0x3a3a3100000000000000000000000000, '2023-04-06 15:48:58', '06-04-2023 09:19:16 PM', 1),
(32, 'minhtai893@gmail.com', 0x3a3a3100000000000000000000000000, '2023-04-06 15:49:23', '06-04-2023 09:58:15 PM', 1),
(33, 'minhtai893@gmail.com', 0x3a3a3100000000000000000000000000, '2023-04-06 16:28:23', NULL, 1),
(34, 'gosuzero2002@gmail.com', 0x3a3a3100000000000000000000000000, '2023-04-13 03:33:23', '13-04-2023 09:56:37 AM', 1),
(35, 'gosuzero2002@gmail.com', 0x3a3a3100000000000000000000000000, '2023-04-13 07:15:57', '13-04-2023 12:52:20 PM', 1),
(36, 'gosuzero2002@gmail.com', 0x3a3a3100000000000000000000000000, '2023-04-13 07:26:06', '13-04-2023 12:57:16 PM', 1),
(37, 'gosuzero2002@gmail.com', 0x3a3a3100000000000000000000000000, '2023-04-13 07:29:13', '13-04-2023 01:08:51 PM', 1),
(38, 'gosuzero2002@gmail.com', 0x3a3a3100000000000000000000000000, '2023-04-13 07:41:37', '13-04-2023 01:13:38 PM', 1),
(39, 'nguoidunga@gmail.com', 0x3a3a3100000000000000000000000000, '2023-04-13 07:45:43', '13-04-2023 01:21:09 PM', 1),
(40, 'nguoidungb@yahoo.com', 0x3a3a3100000000000000000000000000, '2023-04-13 07:54:56', '13-04-2023 01:29:27 PM', 1),
(41, 'gosuzero2002@gmail.com', 0x3a3a3100000000000000000000000000, '2023-04-13 07:59:47', '13-04-2023 01:34:17 PM', 1),
(42, 'nguoidungb@yahoo.com', 0x3a3a3100000000000000000000000000, '2023-04-13 08:06:54', NULL, 1),
(43, 'nguoidungb@yahoo.com', 0x3a3a3100000000000000000000000000, '2023-04-13 08:25:55', '13-04-2023 02:23:47 PM', 1);

-- --------------------------------------------------------

--
-- Cấu trúc bảng cho bảng `users`
--

CREATE TABLE `users` (
  `id` int(11) NOT NULL,
  `name` varchar(255) DEFAULT NULL,
  `email` varchar(255) DEFAULT NULL,
  `contactno` bigint(11) DEFAULT NULL,
  `password` varchar(255) DEFAULT NULL,
  `shippingAddress` longtext DEFAULT NULL,
  `shippingState` varchar(255) DEFAULT NULL,
  `shippingCity` varchar(255) DEFAULT NULL,
  `shippingPincode` int(11) DEFAULT NULL,
  `billingAddress` longtext DEFAULT NULL,
  `billingState` varchar(255) DEFAULT NULL,
  `billingCity` varchar(255) DEFAULT NULL,
  `billingPincode` int(11) DEFAULT NULL,
  `regDate` timestamp NOT NULL DEFAULT current_timestamp(),
  `updationDate` varchar(255) DEFAULT NULL
) ENGINE=InnoDB DEFAULT CHARSET=latin1 COLLATE=latin1_swedish_ci;

--
-- Đang đổ dữ liệu cho bảng `users`
--

INSERT INTO `users` (`id`, `name`, `email`, `contactno`, `password`, `shippingAddress`, `shippingState`, `shippingCity`, `shippingPincode`, `billingAddress`, `billingState`, `billingCity`, `billingPincode`, `regDate`, `updationDate`) VALUES
(4, 'Huynh Long VU', 'gosuzero2002@gmail.com', 123, 'af71f2f31c56ff750b2ac1db7cbf65e6', '622 cong hoa', 'ch?a bi?t', 'Ho Chi Minh ', 523231, '622 cong hòa', 'dang xac nhân', 'Ho Chi Minh', 123451, '2023-03-30 18:21:41', NULL),
(5, 'Gosu', 'minhtai893@gmail.com', 8972231, 'af71f2f31c56ff750b2ac1db7cbf65e6', NULL, NULL, NULL, NULL, NULL, NULL, NULL, NULL, '2023-04-06 10:52:59', NULL),
(6, 'anh A', 'amthien@gmail.com', 12312, 'af71f2f31c56ff750b2ac1db7cbf65e6', NULL, NULL, NULL, NULL, NULL, NULL, NULL, NULL, '2023-04-06 15:29:15', NULL),
(7, 'anh A', 'nguoidunga@gmail.com', 12312, 'af71f2f31c56ff750b2ac1db7cbf65e6', NULL, NULL, NULL, NULL, '622 adb', 'ádad', 'adsadd', 123123, '2023-04-13 07:45:35', NULL),
(8, 'anh b', 'nguoidungb@yahoo.com', 1234, '81dc9bdb52d04dc20036dbd8313ed055', NULL, NULL, NULL, NULL, NULL, NULL, NULL, NULL, '2023-04-13 07:54:48', NULL);

-- --------------------------------------------------------

--
-- Cấu trúc bảng cho bảng `wishlist`
--

CREATE TABLE `wishlist` (
  `id` int(11) NOT NULL,
  `userId` int(11) DEFAULT NULL,
  `productId` int(11) DEFAULT NULL,
  `postingDate` timestamp NOT NULL DEFAULT current_timestamp()
) ENGINE=InnoDB DEFAULT CHARSET=latin1 COLLATE=latin1_swedish_ci;

--
-- Đang đổ dữ liệu cho bảng `wishlist`
--

INSERT INTO `wishlist` (`id`, `userId`, `productId`, `postingDate`) VALUES
(1, 1, 0, '2017-02-27 18:53:17');

--
-- Chỉ mục cho các bảng đã đổ
--

--
-- Chỉ mục cho bảng `admin`
--
ALTER TABLE `admin`
  ADD PRIMARY KEY (`id`);

--
-- Chỉ mục cho bảng `category`
--
ALTER TABLE `category`
  ADD PRIMARY KEY (`id`);

--
-- Chỉ mục cho bảng `orders`
--
ALTER TABLE `orders`
  ADD PRIMARY KEY (`id`);

--
-- Chỉ mục cho bảng `ordertrackhistory`
--
ALTER TABLE `ordertrackhistory`
  ADD PRIMARY KEY (`id`);

--
-- Chỉ mục cho bảng `productreviews`
--
ALTER TABLE `productreviews`
  ADD PRIMARY KEY (`id`);

--
-- Chỉ mục cho bảng `products`
--
ALTER TABLE `products`
  ADD PRIMARY KEY (`id`);

--
-- Chỉ mục cho bảng `subcategory`
--
ALTER TABLE `subcategory`
  ADD PRIMARY KEY (`id`);

--
-- Chỉ mục cho bảng `userlog`
--
ALTER TABLE `userlog`
  ADD PRIMARY KEY (`id`);

--
-- Chỉ mục cho bảng `users`
--
ALTER TABLE `users`
  ADD PRIMARY KEY (`id`);

--
-- Chỉ mục cho bảng `wishlist`
--
ALTER TABLE `wishlist`
  ADD PRIMARY KEY (`id`);

--
-- AUTO_INCREMENT cho các bảng đã đổ
--

--
-- AUTO_INCREMENT cho bảng `admin`
--
ALTER TABLE `admin`
  MODIFY `id` int(11) NOT NULL AUTO_INCREMENT, AUTO_INCREMENT=2;

--
-- AUTO_INCREMENT cho bảng `category`
--
ALTER TABLE `category`
  MODIFY `id` int(11) NOT NULL AUTO_INCREMENT, AUTO_INCREMENT=9;

--
-- AUTO_INCREMENT cho bảng `orders`
--
ALTER TABLE `orders`
  MODIFY `id` int(11) NOT NULL AUTO_INCREMENT, AUTO_INCREMENT=30;

--
-- AUTO_INCREMENT cho bảng `ordertrackhistory`
--
ALTER TABLE `ordertrackhistory`
  MODIFY `id` int(11) NOT NULL AUTO_INCREMENT, AUTO_INCREMENT=19;

--
-- AUTO_INCREMENT cho bảng `productreviews`
--
ALTER TABLE `productreviews`
  MODIFY `id` int(11) NOT NULL AUTO_INCREMENT, AUTO_INCREMENT=5;

--
-- AUTO_INCREMENT cho bảng `products`
--
ALTER TABLE `products`
  MODIFY `id` int(11) NOT NULL AUTO_INCREMENT, AUTO_INCREMENT=67;

--
-- AUTO_INCREMENT cho bảng `subcategory`
--
ALTER TABLE `subcategory`
  MODIFY `id` int(11) NOT NULL AUTO_INCREMENT, AUTO_INCREMENT=18;

--
-- AUTO_INCREMENT cho bảng `userlog`
--
ALTER TABLE `userlog`
  MODIFY `id` int(11) NOT NULL AUTO_INCREMENT, AUTO_INCREMENT=44;

--
-- AUTO_INCREMENT cho bảng `users`
--
ALTER TABLE `users`
  MODIFY `id` int(11) NOT NULL AUTO_INCREMENT, AUTO_INCREMENT=9;

--
-- AUTO_INCREMENT cho bảng `wishlist`
--
ALTER TABLE `wishlist`
  MODIFY `id` int(11) NOT NULL AUTO_INCREMENT, AUTO_INCREMENT=2;
COMMIT;

/*!40101 SET CHARACTER_SET_CLIENT=@OLD_CHARACTER_SET_CLIENT */;
/*!40101 SET CHARACTER_SET_RESULTS=@OLD_CHARACTER_SET_RESULTS */;
/*!40101 SET COLLATION_CONNECTION=@OLD_COLLATION_CONNECTION */;
